"_primaryKey","_firstSeenAt","_lastSeenAt","lotId","updatedAt","vin","yardNumber","yardName","saleDate","saleDayOfWeek","saleTime","saleTimeZone","itemNumber","vehicleType","year","make","modelGroup","modelDetail","bodyStyle","exteriorColor","damageDescription","secondaryDamage","saleTitleState","saleTitleType","hasKeys","lotCondCode","mileage","odometerBrand","estRetailValue","repairCost","engine","drivetrain","transmission","fuelType","cylinders","runsDrives","saleStatus","highBid","specialNote","locationCity","locationState","locationZip","locationCountry","currencyCode","imageThumbnail","imageUrl","gridRow","makeOfferEligible","buyItNowPrice","trim","rentals","wholesale","sellerName","offsiteAddress1","offsiteState","offsiteCity","offsiteZip","saleLight","autoGrade","announcements","listingUrl"
"96754685","2026-07-12 22:30:42.649","2026-07-15 21:01:23.774","96754685","2026-07-15 14:59:36.000","[PREMIUM]","394","TX - NORTH AUSTIN","2026-07-16","THURSDAY","1200","CDT","3029","V",2019,"MERCEDES-BENZ","C-CLASS","C",,"BLACK","REAR END","FRONT END","TX","SV","YES","E",117979,"A","[PREMIUM]",19115,"2.0L  4","Rear-wheel drive","AUTOMATIC","GAS",4,"DEFAULT","On Minimum Bid","[PREMIUM]",,"TAYLOR","TX","76574","USA","USD","[PREMIUM]","[PREMIUM]","D020",false,"[PREMIUM]","300",false,false,"[PREMIUM]",,,,,,,,"[PREMIUM]"
"59398276","2026-07-12 22:30:42.086","2026-07-15 21:01:22.984","59398276","2026-07-15 14:59:37.000","[PREMIUM]","394","TX - NORTH AUSTIN","2026-07-16","THURSDAY","1200","CDT","4025","V",2011,"HONDA","ACCORD","ACCORD","COUPE","BLACK","SIDE","FRONT END","TX","SV","YES","D",191700,"A","[PREMIUM]",4951,"2.4L 4","FRONT WHEEL DRIVE","AUTOMATIC","GAS",4,"Run & Drive Verified","Pure Sale","[PREMIUM]",,"TAYLOR","TX","76574","USA","USD","[PREMIUM]","[PREMIUM]","E020",false,"[PREMIUM]","EXL",false,false,"[PREMIUM]",,,,,,,,"[PREMIUM]"
"58731346","2026-07-12 22:30:42.075","2026-07-15 21:01:22.765","58731346","2026-07-15 14:59:36.000","[PREMIUM]","394","TX - NORTH AUSTIN","2026-07-16","THURSDAY","1200","CDT","2014","V",2017,"FORD","FIESTA","FIESTA","HATCHBACK 4DR","SILVER","SIDE",,"TX","SV","YES","D",94990,"A","[PREMIUM]",0,"1.6L 4","FRONT WHEEL DRIVE","AUTOMATIC","GAS",4,"Run & Drive Verified","Pure Sale","[PREMIUM]",,"TAYLOR","TX","76574","USA","USD","[PREMIUM]","[PREMIUM]","A090",false,"[PREMIUM]","SE",false,false,"[PREMIUM]",,,,,,,,"[PREMIUM]"
"59086466","2026-07-12 22:30:41.953","2026-08-04 05:00:38.361","59086466","2026-08-04 01:31:51.000","[PREMIUM]","394","TX - NORTH AUSTIN","2026-08-06","THURSDAY","1200","CDT","0","V",2021,"SUBARU","CROSSTREK","CROSSTREK","SPORT UTILITY VEHICLE","RED","REAR END","SIDE","CO","CT","NO","E",0,"N","[PREMIUM]",0,"2.0L 4","ALL WHEEL DRIVE","AUTOMATIC","GAS",4,"DEFAULT","On Minimum Bid","[PREMIUM]",,"TAYLOR","TX","76574","USA","USD","[PREMIUM]","[PREMIUM]","C120",true,"[PREMIUM]","PREMIUM",false,false,"[PREMIUM]",,,,,,,,"[PREMIUM]"
"58435436","2026-07-12 22:30:41.734","2026-07-15 21:01:22.627","58435436","2026-07-15 16:45:05.000","[PREMIUM]","394","TX - NORTH AUSTIN","2026-07-16","THURSDAY","1200","CDT","3141","V",2024,"FORD","F150","F150","PICKUP","WHITE","FRONT END",,"TX","SV","YES","D",39586,"A","[PREMIUM]",0,"5.0L 8","REAR WHEEL DRIVE","AUTOMATIC","GAS",8,"Run & Drive Verified","Pure Sale","[PREMIUM]",,"TAYLOR","TX","76574","USA","USD","[PREMIUM]","[PREMIUM]","E180",false,"[PREMIUM]","XL",false,false,"[PREMIUM]",,,,,,,,"[PREMIUM]"
"55926086","2026-07-12 22:30:40.747","2026-07-15 21:01:21.270","55926086","2026-07-15 14:59:36.000","[PREMIUM]","394","TX - NORTH AUSTIN","2026-07-16","THURSDAY","1200","CDT","3021","V",2010,"HONDA","CIVIC","CIVIC","SEDAN 4DR","GRAY","SIDE","FRONT END","TX","SV","NO","E",0,"E","[PREMIUM]",18153.61,"1.8L 4","FRONT WHEEL DRIVE","AUTOMATIC","GAS",4,"DEFAULT","Pure Sale","[PREMIUM]",,"TAYLOR","TX","76574","USA","USD","[PREMIUM]","[PREMIUM]","B030",false,"[PREMIUM]","LX",false,false,"[PREMIUM]",,,,,,,,"[PREMIUM]"
"52056776","2026-07-12 22:30:39.370","2026-07-15 21:01:19.820","52056776","2026-07-15 14:59:37.000","[PREMIUM]","394","TX - NORTH AUSTIN","2026-07-16","THURSDAY","1200","CDT","3105","V",2018,"KIA","STINGER","STINGER",,"BURN","BURN",,"ID","SC","EXM","E",0,"N","[PREMIUM]",12075,"3.3L  6","Rear-wheel drive",,"GAS",6,"DEFAULT","Pure Sale","[PREMIUM]",,"TAYLOR","TX","76574","USA","USD","[PREMIUM]","[PREMIUM]","G210",false,"[PREMIUM]","GT2",false,false,"[PREMIUM]",,,,,,,,"[PREMIUM]"
"57050866","2026-07-12 22:30:16.270","2026-07-14 04:56:19.661","57050866","2026-07-12 19:20:45.000","[PREMIUM]","369","KS - KANSAS CITY",,,,"CDT","0","V",2017,"HONDA","ACCORD","ACCORD","SEDAN 4DR","BURGUNDY","SIDE","FRONT END","KS","ST","YES","D",45484,"A","[PREMIUM]",16275.45,"2.4L 4","FRONT WHEEL DRIVE","AUTOMATIC","GAS",4,"Run & Drive Verified","Pure Sale","[PREMIUM]",,"KANSAS CITY","KS","66111 2629","USA","USD","[PREMIUM]","[PREMIUM]","N070",false,"[PREMIUM]","EXL",false,false,"[PREMIUM]",,,,,,,,"[PREMIUM]"
"56972396","2026-07-12 22:30:16.175","2026-08-03 11:03:17.141","56972396","2026-07-31 18:47:19.000","[PREMIUM]","369","KS - KANSAS CITY","2026-08-04","TUESDAY","1200","CDT","2543","V",2020,"NISSAN","FRONTIER","FRONTIER","PICKUP","GRAY","FRONT END",,"KS","ST","YES",,35715,"A","[PREMIUM]",17003,"3.8L 6","FOUR BY FOUR","AUTOMATIC","GAS",6,,"Pure Sale","[PREMIUM]",,"KANSAS CITY","KS","66111 2629","USA","USD","[PREMIUM]","[PREMIUM]","G130",false,"[PREMIUM]","PRO-4X",false,false,"[PREMIUM]",,,,,,,,"[PREMIUM]"
"56958636","2026-07-12 22:30:16.079","2026-08-03 11:03:17.143","56958636","2026-07-31 18:47:19.000","[PREMIUM]","369","KS - KANSAS CITY","2026-08-04","TUESDAY","1200","CDT","2598","V",2020,"NISSAN","VERSA","VERSA","SEDAN","BLUE","WATER/FLOOD",,"KS","FS","NO","E",118360,"A","[PREMIUM]",8583,"1.6L 4","FRONT WHEEL DRIVE","AUTOMATIC","GAS",4,"DEFAULT","Pure Sale","[PREMIUM]",,"KANSAS CITY","KS","66111 2629","USA","USD","[PREMIUM]","[PREMIUM]","F070",false,"[PREMIUM]","SV",false,false,"[PREMIUM]",,,,,,,,"[PREMIUM]"
"56770046","2026-07-12 22:30:15.860","2026-07-29 20:42:41.007","56770046","2026-07-28 21:32:15.000","[PREMIUM]","369","KS - KANSAS CITY","2026-07-30","THURSDAY","1200","CDT","26","V",2022,"JEEP","CHEROKEE","GRAND CHEROKEE","SPORT UTILITY VEHICLE","BLACK","SIDE",,"KS","ST","YES","D",64442,"A","[PREMIUM]",3519.7,"3.6L 6","4X4 W/REAR WHEEL DRV","AUTOMATIC","GAS",6,"Run & Drive Verified","Pure Sale","[PREMIUM]",,"KANSAS CITY","KS","66111 2629","USA","USD","[PREMIUM]","[PREMIUM]","H120",false,"[PREMIUM]","L LIMITED",false,false,"[PREMIUM]",,,,,,,,"[PREMIUM]"
"56569516","2026-07-12 22:30:15.781","2026-08-03 11:03:16.949","56569516","2026-07-31 18:47:18.000","[PREMIUM]","369","KS - KANSAS CITY","2026-08-04","TUESDAY","1200","CDT","34","V",2025,"CHEVROLET","TRAILBLZR","TRAILBLAZER","SPORT UTILITY VEHICLE","BLUE","FRONT END",,"KS","ST","YES","D",22589,"A","[PREMIUM]",0,"1.3L 3","FRONT WHEEL DRIVE","AUTOMATIC","GAS",3,"Run & Drive Verified","On Minimum Bid","[PREMIUM]",,"KANSAS CITY","KS","66111 2629","USA","USD","[PREMIUM]","[PREMIUM]","K150",false,"[PREMIUM]","LT",false,false,"[PREMIUM]",,,,,,,,"[PREMIUM]"
"56491366","2026-07-12 22:30:15.753","2026-08-03 11:03:16.899","56491366","2026-07-31 18:47:19.000","[PREMIUM]","369","KS - KANSAS CITY","2026-08-04","TUESDAY","1200","CDT","2586","V",2023,"VOLKSWAGEN","ID.4 PRO","ID.4","SPORT UTILITY VEHICLE","BLACK","FRONT END",,"KS","ST","NO",,40367,"A","[PREMIUM]",12635,,"REAR WHEEL DRIVE","AUTOMATIC","ELECTRIC",,,"On Minimum Bid","[PREMIUM]",,"KANSAS CITY","KS","66111 2629","USA","USD","[PREMIUM]","[PREMIUM]","O200",false,"[PREMIUM]","PRO",false,false,"[PREMIUM]",,,,,,,,"[PREMIUM]"
"56462846","2026-07-12 22:30:15.703","2026-08-03 11:03:16.894","56462846","2026-07-30 06:05:08.000","[PREMIUM]","369","KS - KANSAS CITY",,,,"CDT","0","V",2021,"FORD","EXPLORER","EXPLORER","SPORT UTILITY VEHICLE","GRAY","REAR END",,"KS","ST","YES","D",44964,"A","[PREMIUM]",17948.21,"3.0L 6","4X4 W/REAR WHEEL DRV","AUTOMATIC","GAS",6,"Run & Drive Verified","Pure Sale","[PREMIUM]",,"KANSAS CITY","KS","66111 2629","USA","USD","[PREMIUM]","[PREMIUM]","O160",false,"[PREMIUM]","ST",false,false,"[PREMIUM]",,,,,,,,"[PREMIUM]"
"55869286","2026-07-12 22:30:15.314","2026-08-03 11:03:16.678","55869286","2026-07-30 06:05:07.000","[PREMIUM]","369","KS - KANSAS CITY",,,,"CDT","0","V",2015,"NISSAN","ALTIMA","ALTIMA","SEDAN","GRAY","FRONT END","REAR END","KS","ST","YES","D",141530,"A","[PREMIUM]",3995.7,"2.5L 4","FRONT WHEEL DRIVE","AUTOMATIC","GAS",4,"Run & Drive Verified","Pure Sale","[PREMIUM]",,"KANSAS CITY","KS","66111 2629","USA","USD","[PREMIUM]","[PREMIUM]","K120",false,"[PREMIUM]","2.5 S",false,false,"[PREMIUM]",,,,,,,,"[PREMIUM]"
"55836876","2026-07-12 22:30:15.290","2026-07-29 20:42:40.925","55836876","2026-07-28 21:32:18.000","[PREMIUM]","369","KS - KANSAS CITY","2026-07-30","THURSDAY","1200","CDT","95","V",2021,"KIA","SELTOS","SELTOS","SPORT UTILITY VEHICLE","BLUE","REAR END",,"KS","ST","YES","D",35960,"A","[PREMIUM]",14486.02,"1.6L 4","ALL WHEEL DRIVE","AUTOMATIC","GAS",4,"Run & Drive Verified","Pure Sale","[PREMIUM]",,"KANSAS CITY","KS","66111 2629","USA","USD","[PREMIUM]","[PREMIUM]","L060",false,"[PREMIUM]","S",false,false,"[PREMIUM]",,,,,,,,"[PREMIUM]"
"55733956","2026-07-12 22:30:15.214","2026-08-03 11:03:16.531","55733956","2026-07-30 06:05:07.000","[PREMIUM]","369","KS - KANSAS CITY",,,,"CDT","0","V",2025,"TOYOTA","PRIUS","PRIUS","HATCHBACK","RED","SIDE","FRONT END","KS","ST","YES","S",0,"N","[PREMIUM]",20348.72,"2.0L 4","ALL WHEEL DRIVE","AUTOMATIC","ELECTRIC AND GAS HYBRID",4,"Vehicle Starts","Pure Sale","[PREMIUM]",,"KANSAS CITY","KS","66111 2629","USA","USD","[PREMIUM]","[PREMIUM]","F010",false,"[PREMIUM]","XLE",false,false,"[PREMIUM]",,,,,,,,"[PREMIUM]"
"55621316","2026-07-12 22:30:15.144","2026-08-04 05:00:13.261","55621316","2026-07-30 22:06:33.000","[PREMIUM]","369","KS - KANSAS CITY",,,,"CDT","0","V",2022,"FORD","EXPEDITION","EXPEDITION","SPORT UTILITY VEHICLE","WHITE","HAIL",,"KS","ST","YES","D",78085,"A","[PREMIUM]",18809.46,"3.5L 6","4X4 W/REAR WHEEL DRV","AUTOMATIC","GAS",6,"Run & Drive Verified","Pure Sale","[PREMIUM]",,"KANSAS CITY","KS","66111 2629","USA","USD","[PREMIUM]","[PREMIUM]","PREV",false,"[PREMIUM]","MAX LIMITED",false,false,"[PREMIUM]",,,,,,,,"[PREMIUM]"
"55605776","2026-07-12 22:30:15.140","2026-08-03 11:03:16.508","55605776","2026-07-31 18:47:19.000","[PREMIUM]","369","KS - KANSAS CITY","2026-08-04","TUESDAY","1200","CDT","2568","V",2023,"BMW","ALL OTHER","IX","SPORT UTILITY VEHICLE","BLACK","FRONT END","SIDE","KS","ST","NO","E",47112,"A","[PREMIUM]",21636.4,"0","ALL WHEEL DRIVE","AUTOMATIC","ELECTRIC",0,"DEFAULT","Pure Sale","[PREMIUM]",,"KANSAS CITY","KS","66111 2629","USA","USD","[PREMIUM]","[PREMIUM]","M090",false,"[PREMIUM]","XDRIVE50",false,false,"[PREMIUM]",,,,,,,,"[PREMIUM]"
"55575506","2026-07-12 22:30:15.082","2026-07-29 20:42:40.271","55575506","2026-07-28 21:32:20.000","[PREMIUM]","369","KS - KANSAS CITY","2026-07-30","THURSDAY","1200","CDT","123","V",2015,"GMC","ACADIA DEN","ACADIA","4DR SPORT UTILITY","WHITE","HAIL",,"KS","ST","YES","D",169478,"A","[PREMIUM]",7508.63,"3.6L 6","ALL WHEEL DRIVE","AUTOMATIC","GAS",6,"Run & Drive Verified","Pure Sale","[PREMIUM]",,"KANSAS CITY","KS","66111 2629","USA","USD","[PREMIUM]","[PREMIUM]","H010",false,"[PREMIUM]","DENALI",false,false,"[PREMIUM]",,,,,,,,"[PREMIUM]"
"55449336","2026-07-12 22:30:15.052","2026-07-29 20:42:42.231","55449336","2026-07-28 21:32:23.000","[PREMIUM]","369","KS - KANSAS CITY","2026-07-30","THURSDAY","1200","CDT","2006","V",2020,"FORD","ESCAPE","ESCAPE","SPORT UTILITY VEHICLE","BLACK","REAR END",,"KS","ST","YES","D",100024,"A","[PREMIUM]",9564.93,"1.5L 3","FRONT WHEEL DRIVE","AUTOMATIC","GAS",3,"Run & Drive Verified","On Minimum Bid","[PREMIUM]",,"KANSAS CITY","KS","66111 2629","USA","USD","[PREMIUM]","[PREMIUM]","I090",false,"[PREMIUM]","SE",false,false,"[PREMIUM]",,,,,,,,"[PREMIUM]"
"55364906","2026-07-12 22:30:15.005","2026-08-03 11:03:16.425","55364906","2026-07-31 18:47:18.000","[PREMIUM]","369","KS - KANSAS CITY","2026-08-04","TUESDAY","1200","CDT","2049","V",2022,"SUBARU","FORESTER","FORESTER","SPORT UTILITY VEHICLE","BLUE","HAIL",,"KS","ST","YES","D",38032,"A","[PREMIUM]",16151,"2.5L 4","ALL WHEEL DRIVE","AUTOMATIC","GAS",4,"Run & Drive Verified","On Minimum Bid","[PREMIUM]",,"KANSAS CITY","KS","66111 2629","USA","USD","[PREMIUM]","[PREMIUM]","K160",false,"[PREMIUM]","TOURING",false,false,"[PREMIUM]",,,,,,,,"[PREMIUM]"
"55136426","2026-07-12 22:30:14.839","2026-07-29 20:42:40.125","55136426","2026-07-28 21:32:20.000","[PREMIUM]","369","KS - KANSAS CITY","2026-07-30","THURSDAY","1200","CDT","118","V",2016,"FORD","F150","F150","CREW PICKUP","SILVER","SIDE",,"KS","ST","YES","D",107231,"A","[PREMIUM]",13166,"2.7L 6","4X4 W/REAR WHEEL DRV","AUTOMATIC","GAS",6,"Run & Drive Verified","On Minimum Bid","[PREMIUM]",,"KANSAS CITY","KS","66111 2629","USA","USD","[PREMIUM]","[PREMIUM]","N130",false,"[PREMIUM]","SUPERCREW",false,false,"[PREMIUM]",,,,,,,,"[PREMIUM]"
"54864186","2026-07-12 22:30:14.654","2026-07-29 20:42:39.944","54864186","2026-07-28 21:32:15.000","[PREMIUM]","369","KS - KANSAS CITY","2026-07-30","THURSDAY","1200","CDT","27","V",2021,"HONDA","CIVIC","CIVIC","HATCHBACK","WHITE","HAIL",,"KS","ST","YES","D",34220,"A","[PREMIUM]",15893.2,"1.5L 4","FRONT WHEEL DRIVE","AUTOMATIC","GAS",4,"Run & Drive Verified","On Minimum Bid","[PREMIUM]",,"KANSAS CITY","KS","66111 2629","USA","USD","[PREMIUM]","[PREMIUM]","E100",false,"[PREMIUM]","SPORT",false,false,"[PREMIUM]",,,,,,,,"[PREMIUM]"
"54867856","2026-07-12 22:30:14.653","2026-07-15 21:00:54.727","54867856","2026-07-15 12:11:28.000","[PREMIUM]","369","KS - KANSAS CITY","2026-07-16","THURSDAY","1200","CDT","11","V",2016,"JEEP","CHEROKEE","GRAND CHEROKEE","4DR SPORT UTILITY","BLACK","FRONT END",,"KS","ST","YES","D",167191,"A","[PREMIUM]",7875.91,"3.6L 6","4X4 W/REAR WHEEL DRV","AUTOMATIC","FLEXIBLE",6,"Run & Drive Verified","Pure Sale","[PREMIUM]",,"KANSAS CITY","KS","66111 2629","USA","USD","[PREMIUM]","[PREMIUM]","I010",false,"[PREMIUM]","LIMITED",false,false,"[PREMIUM]",,,,,,,,"[PREMIUM]"
"54302706","2026-07-12 22:30:14.301","2026-08-03 11:03:16.088","54302706","2026-07-30 20:06:39.000","[PREMIUM]","369","KS - KANSAS CITY","2026-08-06","THURSDAY","1200","CDT","0","V",2001,"TOYOTA","CAMRY","CAMRY","SEDAN","BEIGE","FRONT END",,"KS","ST","YES","D",0,"E","[PREMIUM]",3965,"2.2L 4","FRONT WHEEL DRIVE","AUTOMATIC","GAS",4,"Run & Drive Verified","On Minimum Bid","[PREMIUM]",,"KANSAS CITY","KS","66111 2629","USA","USD","[PREMIUM]","[PREMIUM]","F010",false,"[PREMIUM]","LE",false,false,"[PREMIUM]",,,,,,,,"[PREMIUM]"
"54006486","2026-07-12 22:30:14.080","2026-08-03 11:03:15.981","54006486","2026-07-31 18:47:19.000","[PREMIUM]","369","KS - KANSAS CITY","2026-08-04","TUESDAY","1200","CDT","2553","V",2024,"JEEP","GRAND CHER","GRAND CHEROKEE","SPORT UTILITY VEHICLE","BLACK","SIDE",,"KS","ST","NO","E",45011,"A","[PREMIUM]",23221,"3.6L 6","4X4 W/REAR WHEEL DRV","AUTOMATIC","GAS",6,"DEFAULT","On Minimum Bid","[PREMIUM]",,"KANSAS CITY","KS","66111 2629","USA","USD","[PREMIUM]","[PREMIUM]","F050",false,"[PREMIUM]","L LAREDO",false,false,"[PREMIUM]",,,,,,,,"[PREMIUM]"
"53998386","2026-07-12 22:30:14.075","2026-07-29 20:42:40.191","53998386","2026-07-28 21:32:27.000","[PREMIUM]","369","KS - KANSAS CITY","2026-07-30","THURSDAY","1200","CDT","2552","V",2014,"AUDI","Q5","Q5","4DR SPORT UTILITY","BEIGE","REAR END",,"KS","ST","YES","E",166926,"A","[PREMIUM]",16156.39,"2.0L 4","ALL WHEEL DRIVE","AUTOMATIC","FLEXIBLE",4,"DEFAULT","Pure Sale","[PREMIUM]",,"KANSAS CITY","KS","66111 2629","USA","USD","[PREMIUM]","[PREMIUM]","N180",false,"[PREMIUM]","PREMIUM PLUS",false,false,"[PREMIUM]",,,,,,,,"[PREMIUM]"
"53556456","2026-07-12 22:30:13.803","2026-07-29 20:42:39.392","53556456","2026-07-28 21:32:21.000","[PREMIUM]","369","KS - KANSAS CITY","2026-07-30","THURSDAY","1200","CDT","138","V",2023,"CHRYSLER","PACIFICA","PACIFICA","VAN PASSENGER","BLACK","HAIL",,"KS","ST","YES","D",68969,"A","[PREMIUM]",21060.27,"3.6L 6","FRONT WHEEL DRIVE","AUTOMATIC","FLEXIBLE",6,"Run & Drive Verified","On Minimum Bid","[PREMIUM]",,"KANSAS CITY","KS","66111 2629","USA","USD","[PREMIUM]","[PREMIUM]","F010",false,"[PREMIUM]","TOURING L",false,false,"[PREMIUM]",,,,,,,,"[PREMIUM]"
"52929666","2026-07-12 22:30:13.370","2026-07-29 20:42:39.199","52929666","2026-07-28 21:32:18.000","[PREMIUM]","369","KS - KANSAS CITY","2026-07-30","THURSDAY","1200","CDT","90","V",2022,"JEEP","WAGONEER","WAGONEER","SPORT UTILITY VEHICLE","MAROON","HAIL",,"KS","ST","YES","D",92685,"A","[PREMIUM]",19671.56,"5.7L 8","4X4 W/REAR WHEEL DRV","AUTOMATIC","GAS",8,"Run & Drive Verified","Pure Sale","[PREMIUM]",,"KANSAS CITY","KS","66111 2629","USA","USD","[PREMIUM]","[PREMIUM]","H020",false,"[PREMIUM]","SERIES III",false,false,"[PREMIUM]",,,,,,,,"[PREMIUM]"
"52818066","2026-07-12 22:30:13.242","2026-08-03 11:03:15.512","52818066","2026-07-30 06:05:05.000","[PREMIUM]","369","KS - KANSAS CITY",,,,"CDT","0","V",2019,"HONDA","CRV","CR-V","SPORT UTILITY VEHICLE","SILVER","HAIL",,"KS","ST","YES","D",49127,"A","[PREMIUM]",16313,"1.5L 4","ALL WHEEL DRIVE","AUTOMATIC","GAS",4,"Run & Drive Verified","Pure Sale","[PREMIUM]",,"KANSAS CITY","KS","66111 2629","USA","USD","[PREMIUM]","[PREMIUM]","I060",false,"[PREMIUM]","EX",false,false,"[PREMIUM]",,,,,,,,"[PREMIUM]"
"52772746","2026-07-12 22:30:13.203","2026-07-14 04:56:05.701","52772746","2026-07-12 19:20:45.000","[PREMIUM]","369","KS - KANSAS CITY",,,,"CDT","0","V",2021,"CHEVROLET","SILVERADO","SILVERADO","PICKUP","WHITE","FRONT END",,"KS","ST","YES","D",67924,"A","[PREMIUM]",32238.22,"6.2L 8","4X4 W/REAR WHEEL DRV","AUTOMATIC","GAS",8,"Run & Drive Verified","Pure Sale","[PREMIUM]",,"KANSAS CITY","KS","66111 2629","USA","USD","[PREMIUM]","[PREMIUM]","H010",false,"[PREMIUM]","K1500 LT TRAIL BOSS",false,false,"[PREMIUM]",,,,,,,,"[PREMIUM]"
"52370966","2026-07-12 22:30:12.853","2026-08-03 11:03:15.314","52370966","2026-07-31 18:47:18.000","[PREMIUM]","369","KS - KANSAS CITY","2026-08-04","TUESDAY","1200","CDT","2522","V",2015,"AUDI","A3","A3","CONVERTIBLE","BLACK","FRONT END",,"KS","ST","NO","E",145376,"A","[PREMIUM]",8018.71,"2.0L 4","ALL WHEEL DRIVE","AUTOMATIC","FLEXIBLE",4,"DEFAULT","Pure Sale","[PREMIUM]",,"KANSAS CITY","KS","66111 2629","USA","USD","[PREMIUM]","[PREMIUM]","M100",false,"[PREMIUM]","PREMIUM",false,false,"[PREMIUM]",,,,,,,,"[PREMIUM]"
"52181646","2026-07-12 22:30:12.780","2026-08-03 11:03:15.245","52181646","2026-07-30 06:05:04.000","[PREMIUM]","369","KS - KANSAS CITY",,,,"CDT","0","V",2022,"HONDA","CIVIC","CIVIC","SEDAN","BLACK","FRONT END","REAR END","KS","ST","YES","D",52119,"A","[PREMIUM]",0,"2.0L 4","FRONT WHEEL DRIVE","AUTOMATIC","GAS",4,"Run & Drive Verified","Pure Sale","[PREMIUM]",,"KANSAS CITY","KS","66111 2629","USA","USD","[PREMIUM]","[PREMIUM]","L050",false,"[PREMIUM]","LX",false,false,"[PREMIUM]",,,,,,,,"[PREMIUM]"
"51885856","2026-07-12 22:30:12.699","2026-08-03 11:03:15.179","51885856","2026-07-31 18:47:18.000","[PREMIUM]","369","KS - KANSAS CITY","2026-08-04","TUESDAY","1200","CDT","2048","V",2015,"KIA","OPTIMA","OPTIMA","SEDAN 4DR","GRAY","FRONT END","SIDE","KS","ST","YES","D",130766,"A","[PREMIUM]",8010,"2.0L 4","FRONT WHEEL DRIVE","AUTOMATIC","GAS",4,"Run & Drive Verified","On Minimum Bid","[PREMIUM]",,"KANSAS CITY","KS","66111 2629","USA","USD","[PREMIUM]","[PREMIUM]","K040",false,"[PREMIUM]","SX",false,false,"[PREMIUM]",,,,,,,,"[PREMIUM]"
"51812696","2026-07-12 22:30:12.669","2026-08-03 11:03:15.176","51812696","2026-07-31 18:47:18.000","[PREMIUM]","369","KS - KANSAS CITY","2026-08-04","TUESDAY","1200","CDT","2087","V",2023,"CHEVROLET","COLORADO","COLORADO","PICKUP","WHITE","HAIL",,"KS","ST","YES","D",50356,"A","[PREMIUM]",16295.23,"2.7L 4","4X4 W/REAR WHEEL DRV","AUTOMATIC","GAS",4,"Run & Drive Verified","On Minimum Bid","[PREMIUM]",,"KANSAS CITY","KS","66111 2629","USA","USD","[PREMIUM]","[PREMIUM]","D030",false,"[PREMIUM]","LT",false,false,"[PREMIUM]",,,,,,,,"[PREMIUM]"
"49663306","2026-07-12 22:30:11.930","2026-08-03 11:03:14.681","49663306","2026-07-31 18:47:18.000","[PREMIUM]","369","KS - KANSAS CITY","2026-08-04","TUESDAY","1200","CDT","2041","V",2020,"KIA","SOUL X-LIN","SOUL","WAGON","RED","SIDE","MINOR DENT/SCRATCHES","KS","ST","YES","D",102168,"A","[PREMIUM]",12795,"2.0L 4","FRONT WHEEL DRIVE","AUTOMATIC","GAS",4,"Run & Drive Verified","On Minimum Bid","[PREMIUM]",,"KANSAS CITY","KS","66111 2629","USA","USD","[PREMIUM]","[PREMIUM]","G100",false,"[PREMIUM]","X-LINE",false,false,"[PREMIUM]",,,,,,,,"[PREMIUM]"
"49590566","2026-07-12 22:30:11.899","2026-07-29 20:42:38.267","49590566","2026-07-28 21:32:14.000","[PREMIUM]","369","KS - KANSAS CITY","2026-07-30","THURSDAY","1200","CDT","16","V",2017,"FORD","ESCAPE","ESCAPE","4DR SPORT UTILITY","BLACK","SIDE",,"KS","ST","YES","D",173981,"A","[PREMIUM]",6949,"1.5L 4","FRONT WHEEL DRIVE","AUTOMATIC","GAS",4,"Run & Drive Verified","Pure Sale","[PREMIUM]",,"KANSAS CITY","KS","66111 2629","USA","USD","[PREMIUM]","[PREMIUM]","O190",false,"[PREMIUM]",,false,false,"[PREMIUM]",,,,,,,,"[PREMIUM]"
"49393786","2026-07-12 22:30:11.832","2026-07-29 20:42:38.739","49393786","2026-07-28 21:32:13.000","[PREMIUM]","369","KS - KANSAS CITY","2026-07-30","THURSDAY","1200","CDT","12","V",2020,"FORD","MUSTANG","MUSTANG","COUPE","BLUE","REAR END",,"KS","ST","YES","D",40650,"A","[PREMIUM]",15782.52,"2.3L 4","REAR WHEEL DRIVE","AUTOMATIC","GAS",4,"Run & Drive Verified","On Minimum Bid","[PREMIUM]",,"KANSAS CITY","KS","66111 2629","USA","USD","[PREMIUM]","[PREMIUM]","F020",false,"[PREMIUM]",,false,false,"[PREMIUM]",,,,,,,,"[PREMIUM]"
"48912336","2026-07-12 22:30:11.784","2026-08-03 11:03:14.627","48912336","2026-07-30 06:05:03.000","[PREMIUM]","369","KS - KANSAS CITY",,,,"CDT","0","V",2016,"MAZDA","CX-3","CX-3","STATION WAGON","BLUE","FRONT END",,"KS","ST","EXM","E",0,"N","[PREMIUM]",11100,"2.0L 4","ALL WHEEL DRIVE","AUTOMATIC","GAS",4,"DEFAULT","Pure Sale","[PREMIUM]",,"KANSAS CITY","KS","66111 2629","USA","USD","[PREMIUM]","[PREMIUM]","J050",false,"[PREMIUM]","TOURING",false,false,"[PREMIUM]",,,,,,,,"[PREMIUM]"
"47095116","2026-07-12 22:30:11.503","2026-07-29 20:42:38.006","47095116","2026-07-28 21:32:15.000","[PREMIUM]","369","KS - KANSAS CITY","2026-07-30","THURSDAY","1200","CDT","36","V",2019,"NISSAN","SENTRA","SENTRA","SEDAN","WHITE","FRONT END",,"KS","ST","YES","D",117545,"A","[PREMIUM]",7245,"1.8L 4","FRONT WHEEL DRIVE","AUTOMATIC","GAS",4,"Run & Drive Verified","Pure Sale","[PREMIUM]",,"KANSAS CITY","KS","66111 2629","USA","USD","[PREMIUM]","[PREMIUM]","D010",false,"[PREMIUM]","SV",false,false,"[PREMIUM]",,,,,,,,"[PREMIUM]"
"45816046","2026-07-12 22:30:11.352","2026-08-03 11:03:14.379","45816046","2026-07-31 18:47:18.000","[PREMIUM]","369","KS - KANSAS CITY","2026-08-04","TUESDAY","1200","CDT","2005","V",2020,"NISSAN","ROGUE","ROGUE","WAGON","SILVER","FRONT END","UNDERCARRIAGE","KS","ST","YES","D",132467,"A","[PREMIUM]",14362.85,"2.5L 4","ALL WHEEL DRIVE","AUTOMATIC","GAS",4,"Run & Drive Verified","On Minimum Bid","[PREMIUM]",,"KANSAS CITY","KS","66111 2629","USA","USD","[PREMIUM]","[PREMIUM]","I190",false,"[PREMIUM]","SV",false,false,"[PREMIUM]",,,,,,,,"[PREMIUM]"
"99525805","2026-07-12 22:25:35.853","2026-08-04 04:56:19.891","99525805","2026-08-03 12:53:26.000","[PREMIUM]","125","MO - COLUMBIA","2026-08-11","TUESDAY","1200","CDT","0","V",2024,"HONDA","CIVIC","CIVIC",,"SILVER","FRONT END",,"KS","ST","YES","D",59082,"A","[PREMIUM]",25424.12,"1.5L  4","Front-wheel Drive","AUTOMATIC","GAS",4,"Run & Drive Verified","On Minimum Bid","[PREMIUM]",,"COLUMBIA","MO","65201 8826","USA","USD","[PREMIUM]","[PREMIUM]","F040",false,"[PREMIUM]","TOURING",false,false,"[PREMIUM]",,,,,,,,"[PREMIUM]"
"73483415","2026-07-12 22:25:31.277","2026-08-03 10:58:40.314","73483415","2026-07-12 20:35:38.000","[PREMIUM]","123","NE - LINCOLN",,,,"CDT","0","V",2018,"FORD","EXPLORER","EXPLORER",,"BLACK","UNDERCARRIAGE",,"KS","ST","YES","D",127649,"A","[PREMIUM]",9889,"2.3L  4","4x4 w/Front Whl Drv","AUTOMATIC","GAS",4,"Run & Drive Verified","Pure Sale","[PREMIUM]",,"GREENWOOD","NE","68366 1607","USA","USD","[PREMIUM]","[PREMIUM]","GG100",false,"[PREMIUM]","LIMITED",false,false,"[PREMIUM]",,,,,,,,"[PREMIUM]"
"57034726","2026-07-12 22:25:29.207","2026-08-03 10:58:37.253","57034726","2026-07-12 19:20:46.000","[PREMIUM]","123","NE - LINCOLN",,,,"CDT","0","V",2023,"KIA","FORTE LXS","FORTE","SEDAN","BLACK","REAR END","SIDE","KS","ST","YES","D",29044,"A","[PREMIUM]",12290.62,"2.0L 4","FRONT WHEEL DRIVE","AUTOMATIC","GAS",4,"Run & Drive Verified","Pure Sale","[PREMIUM]",,"GREENWOOD","NE","68366 1607","USA","USD","[PREMIUM]","[PREMIUM]","EE050",false,"[PREMIUM]","LXS",false,false,"[PREMIUM]",,,,,,,,"[PREMIUM]"
"94570675","2026-07-12 22:22:18.513","2026-08-04 16:55:05.238","94570675","2026-08-03 19:57:03.000","[PREMIUM]","67","KS - WICHITA","2026-08-10","MONDAY","1200","CDT","0","V",2014,"HYUNDAI","SANTA FE","SANTA FE SPORT","SUV","WHITE","FRONT END",,"KS","ST","YES","D",153846,"A","[PREMIUM]",6177,"2.4L 4","FRONT WHEEL DRIVE","AUTOMATIC","GAS",4,"Run & Drive Verified","On Minimum Bid","[PREMIUM]",,"WICHITA","KS","67216 3159","USA","USD","[PREMIUM]","[PREMIUM]","N090",true,"[PREMIUM]","2.4L",false,false,"[PREMIUM]",,,,,,,,"[PREMIUM]"
"79895195","2026-07-12 22:22:18.291","2026-08-03 10:55:46.174","79895195","2026-07-28 17:38:39.000","[PREMIUM]","67","KS - WICHITA","2026-08-03","MONDAY","1200","CDT","0","V",2018,"CHEVROLET","TRAVERSE","TRAVERSE","SPORT UTILITY VEHICLE","MAROON","FRONT END",,"KS","ST","YES","S",143569,"A","[PREMIUM]",2493,"3.6L 6","ALL WHEEL DRIVE","AUTOMATIC","GAS",6,"Vehicle Starts","Pure Sale","[PREMIUM]",,"WICHITA","KS","67216 3159","USA","USD","[PREMIUM]","[PREMIUM]","S060",false,"[PREMIUM]","LT",false,false,"[PREMIUM]",,,,,,,,"[PREMIUM]"
"77768525","2026-07-12 22:22:18.179","2026-08-03 10:55:46.068","77768525","2026-07-28 17:40:50.000","[PREMIUM]","67","KS - WICHITA","2026-08-03","MONDAY","1200","CDT","0","V",2019,"NISSAN","ALTIMA","ALTIMA",,"SILVER","FRONT END","SIDE","KS","ST","YES","D",105152,"A","[PREMIUM]",10862,"2.5L  4","Front-wheel Drive","AUTOMATIC","GAS",4,"Run & Drive Verified","Pure Sale","[PREMIUM]",,"WICHITA","KS","67216 3159","USA","USD","[PREMIUM]","[PREMIUM]","T060",false,"[PREMIUM]","SR",false,false,"[PREMIUM]",,,,,,,,"[PREMIUM]"
"58028186","2026-07-12 22:22:17.425","2026-08-04 16:55:02.612","58028186","2026-08-04 14:10:48.000","[PREMIUM]","67","KS - WICHITA","2026-08-10","MONDAY","1200","CDT","0","V",2014,"SUBARU","BRZ","BRZ","COUPE","WHITE","HAIL",,"KS","ST","YES","D",83637,"A","[PREMIUM]",11406.18,"2.0L 4","REAR WHEEL DRIVE","MANUAL","GAS",4,"Run & Drive Verified","Pure Sale","[PREMIUM]",,"WICHITA","KS","67216 3159","USA","USD","[PREMIUM]","[PREMIUM]","K090",false,"[PREMIUM]","2.0 LIMITED",false,false,"[PREMIUM]",,,,,,,,"[PREMIUM]"
"57394906","2026-07-12 22:22:17.011","2026-08-04 16:55:02.436","57394906","2026-07-31 14:39:24.000","[PREMIUM]","67","KS - WICHITA","2026-08-05","WEDNESDAY","1200","CDT","0","V",2011,"FORD","EDGE","EDGE","4DR SPORT UTILITY","BURGUNDY","FRONT END",,"KS","ST","YES","D",150859,"A","[PREMIUM]",4475.51,"3.5L 6","FRONT WHEEL DRIVE","AUTOMATIC","GAS",6,"Run & Drive Verified","Pure Sale","[PREMIUM]",,"WICHITA","KS","67216 3159","USA","USD","[PREMIUM]","[PREMIUM]","A050",false,"[PREMIUM]","LIMITED",false,false,"[PREMIUM]",,,,,,,,"[PREMIUM]"
"57655436","2026-07-12 22:22:16.995","2026-08-04 16:55:02.532","57655436","2026-07-31 15:07:24.000","[PREMIUM]","67","KS - WICHITA","2026-08-05","WEDNESDAY","1200","CDT","0","V",2018,"CHEVROLET","MALIBU","MALIBU","SEDAN","GRAY","FRONT END",,"KS","ST","YES","D",45319,"A","[PREMIUM]",14587,"1.5L 4","FRONT WHEEL DRIVE","AUTOMATIC","GAS",4,"Run & Drive Verified","Pure Sale","[PREMIUM]",,"WICHITA","KS","67216 3159","USA","USD","[PREMIUM]","[PREMIUM]","V070",false,"[PREMIUM]","LT",false,false,"[PREMIUM]",,,,,,,,"[PREMIUM]"
"56968206","2026-07-12 22:22:16.625","2026-08-04 16:55:02.268","56968206","2026-07-31 15:26:59.000","[PREMIUM]","67","KS - WICHITA","2026-08-05","WEDNESDAY","1200","CDT","0","V",2009,"TOYOTA","VENZA","VENZA","WAGON","WHITE","REAR END","MINOR DENT/SCRATCHES","KS","ST","YES","D",196219,"E","[PREMIUM]",4859,"2.7L 4","FRONT WHEEL DRIVE","AUTOMATIC","GAS",4,"Run & Drive Verified","Pure Sale","[PREMIUM]",,"WICHITA","KS","67216 3159","USA","USD","[PREMIUM]","[PREMIUM]","R100",false,"[PREMIUM]","FWD 4CYL",false,false,"[PREMIUM]",,,,,,,,"[PREMIUM]"
"56369806","2026-07-12 22:22:16.617","2026-08-04 16:55:02.051","56369806","2026-08-04 14:13:39.000","[PREMIUM]","67","KS - WICHITA","2026-08-10","MONDAY","1200","CDT","0","V",2023,"KIA","SORENTO","SORENTO","SUV","BLACK","FRONT END",,"KS","ST","YES","D",59643,"A","[PREMIUM]",24751.56,"2.5L 4","ALL WHEEL DRIVE","AUTOMATIC","GAS",4,"Run & Drive Verified","Pure Sale","[PREMIUM]",,"WICHITA","KS","67216 3159","USA","USD","[PREMIUM]","[PREMIUM]","L080",false,"[PREMIUM]","X-LINE SX PRESTIGE",false,false,"[PREMIUM]",,,,,,,,"[PREMIUM]"
"56721906","2026-07-12 22:22:16.535","2026-08-04 16:55:02.140","56721906","2026-07-31 15:29:57.000","[PREMIUM]","67","KS - WICHITA","2026-08-05","WEDNESDAY","1200","CDT","0","V",2022,"HONDA","ACCORD","ACCORD","SEDAN","BLUE","HAIL","MINOR DENT/SCRATCHES","KS","ST","YES","D",65261,"A","[PREMIUM]",19647,"1.5L 4","FRONT WHEEL DRIVE","AUTOMATIC","GAS",4,"Run & Drive Verified","On Minimum Bid","[PREMIUM]",,"WICHITA","KS","67216 3159","USA","USD","[PREMIUM]","[PREMIUM]","A20",false,"[PREMIUM]","SPORT SE",false,false,"[PREMIUM]",,,,,,,,"[PREMIUM]"
"56652336","2026-07-12 22:22:16.499","2026-08-04 16:55:02.113","56652336","2026-07-31 15:38:57.000","[PREMIUM]","67","KS - WICHITA","2026-08-05","WEDNESDAY","1200","CDT","0","V",2016,"JEEP","PATRIOT","PATRIOT","4DR SPORT UTILITY","BURGUNDY","FRONT END","SIDE","KS","ST","YES","D",64668,"A","[PREMIUM]",0,"2.0L 4","FRONT WHEEL DRIVE","AUTOMATIC","GAS",4,"Run & Drive Verified","On Minimum Bid","[PREMIUM]",,"WICHITA","KS","67216 3159","USA","USD","[PREMIUM]","[PREMIUM]","S120",false,"[PREMIUM]","SPORT",false,false,"[PREMIUM]",,,,,,,,"[PREMIUM]"
"56359636","2026-07-12 22:22:16.338","2026-08-04 16:55:02.028","56359636","2026-07-31 18:16:30.000","[PREMIUM]","67","KS - WICHITA","2026-08-05","WEDNESDAY","1200","CDT","0","V",2026,"CHEVROLET","TRAILBLAZE","TRAILBLAZER","SPORT UTILITY VEHICLE","SILVER","SIDE","FRONT END","KS","ST","YES","D",8288,"A","[PREMIUM]",26530.98,"1.3L 3","FRONT WHEEL DRIVE","AUTOMATIC","GAS",3,"Run & Drive Verified","Pure Sale","[PREMIUM]",,"WICHITA","KS","67216 3159","USA","USD","[PREMIUM]","[PREMIUM]","A030",false,"[PREMIUM]","LS",false,false,"[PREMIUM]",,,,,,,,"[PREMIUM]"
"56091866","2026-07-12 22:22:16.322","2026-08-03 10:55:41.872","56091866","2026-07-28 17:46:10.000","[PREMIUM]","67","KS - WICHITA","2026-08-03","MONDAY","1200","CDT","0","V",2023,"FORD","MAVERICK","MAVERICK","PICKUP","SILVER","HAIL","MECHANICAL","KS","ST","YES","E",0,"N","[PREMIUM]",5134.74,"2.5L 4","FRONT WHEEL DRIVE","AUTOMATIC","ELECTRIC AND GAS HYBRID",4,"DEFAULT","Pure Sale","[PREMIUM]",,"WICHITA","KS","67216 3159","USA","USD","[PREMIUM]","[PREMIUM]","M110",false,"[PREMIUM]","XL",false,false,"[PREMIUM]",,,,,,,,"[PREMIUM]"
"56361956","2026-07-12 22:22:16.319","2026-08-04 16:55:02.016","56361956","2026-07-12 20:51:52.000","[PREMIUM]","67","KS - WICHITA",,,,"CDT","0","V",2018,"CHEVROLET","MALIBU","MALIBU","SEDAN","BLUE","FRONT END",,"KS","ST","YES","D",70328,"A","[PREMIUM]",11587.46,"1.5L 4","FRONT WHEEL DRIVE","AUTOMATIC","GAS",4,"Run & Drive Verified","Pure Sale","[PREMIUM]",,"WICHITA","KS","67216 3159","USA","USD","[PREMIUM]","[PREMIUM]","S060",false,"[PREMIUM]","LT",false,false,"[PREMIUM]",,,,,,,,"[PREMIUM]"
"56069746","2026-07-12 22:22:16.209","2026-07-14 04:36:21.947","56069746","2026-07-12 20:35:58.000","[PREMIUM]","67","KS - WICHITA","2026-07-15","WEDNESDAY","1200","CDT","0","V",2019,"FORD","FUSION","FUSION","SEDAN","BLUE","WATER/FLOOD","MECHANICAL","KS","ST","YES",,0,"N","[PREMIUM]",11346.32,"1.5L 4","FRONT WHEEL DRIVE","AUTOMATIC","GAS",4,,"Pure Sale","[PREMIUM]",,"WICHITA","KS","67216 3159","USA","USD","[PREMIUM]","[PREMIUM]","C050",false,"[PREMIUM]","SE",false,false,"[PREMIUM]",,,,,,,,"[PREMIUM]"
"56076486","2026-07-12 22:22:16.207","2026-08-04 16:55:01.865","56076486","2026-07-31 17:30:10.000","[PREMIUM]","67","KS - WICHITA","2026-08-05","WEDNESDAY","1200","CDT","0","V",2019,"JEEP","COMPASS","COMPASS","SPORT UTILITY VEHICLE","WHITE","HAIL",,"KS","ST","YES","D",67345,"A","[PREMIUM]",10775.75,"2.4L 4","4X4 W/FRONT WHL DRV","AUTOMATIC","GAS",4,"Run & Drive Verified","On Minimum Bid","[PREMIUM]",,"WICHITA","KS","67216 3159","USA","USD","[PREMIUM]","[PREMIUM]","F070",false,"[PREMIUM]","LIMITED",false,false,"[PREMIUM]",,,,,,,,"[PREMIUM]"
"55891076","2026-07-12 22:22:16.103","2026-08-04 16:55:01.769","55891076","2026-07-12 20:51:52.000","[PREMIUM]","67","KS - WICHITA",,,,"CDT","0","V",2014,"NISSAN","MURANO","MURANO","SUV","WHITE","FRONT END","SIDE","KS","ST","YES","D",143240,"A","[PREMIUM]",10888.19,"3.5L 6","ALL WHEEL DRIVE","AUTOMATIC","GAS",6,"Run & Drive Verified","Pure Sale","[PREMIUM]",,"WICHITA","KS","67216 3159","USA","USD","[PREMIUM]","[PREMIUM]","G060",false,"[PREMIUM]","SL",false,false,"[PREMIUM]",,,,,,,,"[PREMIUM]"
"55960646","2026-07-12 22:22:16.095","2026-08-04 16:55:02.166","55960646","2026-07-31 14:44:45.000","[PREMIUM]","67","KS - WICHITA","2026-08-05","WEDNESDAY","1200","CDT","0","V",2018,"FORD","EDGE","EDGE","SPORT UTILITY VEHICLE","BLACK","HAIL",,"KS","ST","YES","D",99707,"A","[PREMIUM]",13488,"2.0L 4","FRONT WHEEL DRIVE","AUTOMATIC","GAS",4,"Run & Drive Verified","On Minimum Bid","[PREMIUM]",,"WICHITA","KS","67216 3159","USA","USD","[PREMIUM]","[PREMIUM]","M110",false,"[PREMIUM]","SEL",false,false,"[PREMIUM]",,,,,,,,"[PREMIUM]"
"55724846","2026-07-12 22:22:16.005","2026-08-04 16:55:01.735","55724846","2026-08-03 14:14:53.000","[PREMIUM]","67","KS - WICHITA",,,,"CDT","0","V",2013,"CHEVROLET","EQUINOX","EQUINOX","4DR SPORT UTILITY","BLUE","HAIL",,"KS","ST","YES","D",110112,"A","[PREMIUM]",11316,"2.4L 4","FRONT WHEEL DRIVE","AUTOMATIC","GAS",4,"Run & Drive Verified","Pure Sale","[PREMIUM]",,"WICHITA","KS","67216 3159","USA","USD","[PREMIUM]","[PREMIUM]","L060",false,"[PREMIUM]","LT",false,false,"[PREMIUM]",,,,,,,,"[PREMIUM]"
"55418856","2026-07-12 22:22:15.870","2026-08-04 16:55:01.524","55418856","2026-08-03 17:36:28.000","[PREMIUM]","67","KS - WICHITA","2026-08-05","WEDNESDAY","1200","CDT","0","V",2015,"GMC","ACADIA DEN","ACADIA","4DR SPORT UTILITY","WHITE","HAIL","SIDE","KS","ST","YES","D",124813,"A","[PREMIUM]",12120.33,"3.6L 6","ALL WHEEL DRIVE","AUTOMATIC","GAS",6,"Run & Drive Verified","On Minimum Bid","[PREMIUM]",,"WICHITA","KS","67216 3159","USA","USD","[PREMIUM]","[PREMIUM]","L110",false,"[PREMIUM]","DENALI",false,false,"[PREMIUM]",,,,,,,,"[PREMIUM]"
"55405806","2026-07-12 22:22:15.844","2026-08-03 10:55:41.475","55405806","2026-07-28 19:49:24.000","[PREMIUM]","67","KS - WICHITA","2026-08-03","MONDAY","1200","CDT","0","V",2018,"CHEVROLET","SUBURBAN","SUBURBAN","SPORT UTILITY VEHICLE","GRAY","FRONT END",,"KS","ST","YES","D",157090,"A","[PREMIUM]",16424.31,"5.3L 8","4X4 W/REAR WHEEL DRV","AUTOMATIC","GAS",8,"Run & Drive Verified","Pure Sale","[PREMIUM]",,"WICHITA","KS","67216 3159","USA","USD","[PREMIUM]","[PREMIUM]","Q110",false,"[PREMIUM]","K1500 LT",false,false,"[PREMIUM]",,,,,,,,"[PREMIUM]"
"55320226","2026-07-12 22:22:15.840","2026-08-03 10:55:41.410","55320226","2026-07-28 18:25:43.000","[PREMIUM]","67","KS - WICHITA","2026-08-03","MONDAY","1200","CDT","0","V",2022,"CHEVROLET","TAHOE","TAHOE","SPORT UTILITY VEHICLE","BLACK","FRONT END","SIDE","KS","ST","YES","D",87788,"A","[PREMIUM]",35352,"5.3L 8","4X4 W/REAR WHEEL DRV","AUTOMATIC","GAS",8,"Run & Drive Verified","Pure Sale","[PREMIUM]",,"WICHITA","KS","67216 3159","USA","USD","[PREMIUM]","[PREMIUM]","U060",false,"[PREMIUM]","K1500 LS",false,false,"[PREMIUM]",,,,,,,,"[PREMIUM]"
"55027906","2026-07-12 22:22:15.735","2026-08-04 16:55:01.358","55027906","2026-08-03 19:02:49.000","[PREMIUM]","67","KS - WICHITA","2026-08-05","WEDNESDAY","1200","CDT","0","V",2018,"SUBARU","FORESTER","FORESTER","SPORT UTILITY VEHICLE","BURGUNDY","HAIL",,"KS","ST","YES","D",84226,"A","[PREMIUM]",9271.85,"2.5L 4","ALL WHEEL DRIVE","AUTOMATIC","GAS",4,"Run & Drive Verified","On Minimum Bid","[PREMIUM]",,"WICHITA","KS","67216 3159","USA","USD","[PREMIUM]","[PREMIUM]","S060",false,"[PREMIUM]","2.5I PREMIUM",false,false,"[PREMIUM]",,,,,,,,"[PREMIUM]"
"54527996","2026-07-12 22:22:15.720","2026-08-04 16:55:01.226","54527996","2026-07-31 16:43:59.000","[PREMIUM]","67","KS - WICHITA","2026-08-05","WEDNESDAY","1200","CDT","0","V",2025,"DODGE","ALL OTHER","HORNET","SPORT UTILITY VEHICLE","WHITE","FRONT END","SIDE","KS","ST","YES","D",5164,"A","[PREMIUM]",23519,"2.0L 4","ALL WHEEL DRIVE","AUTOMATIC","GAS",4,"Run & Drive Verified","Pure Sale","[PREMIUM]",,"WICHITA","KS","67216 3159","USA","USD","[PREMIUM]","[PREMIUM]","P120",false,"[PREMIUM]","GT",false,false,"[PREMIUM]",,,,,,,,"[PREMIUM]"
"54995756","2026-07-12 22:22:15.681","2026-08-04 16:55:01.361","54995756","2026-07-31 15:30:18.000","[PREMIUM]","67","KS - WICHITA","2026-08-05","WEDNESDAY","1200","CDT","0","V",2016,"FORD","FUSION","FUSION","SEDAN 4DR","BLACK","SIDE",,"KS","ST","YES","D",111702,"A","[PREMIUM]",7531,"2.5L 4","FRONT WHEEL DRIVE","AUTOMATIC","GAS",4,"Run & Drive Verified","Pure Sale","[PREMIUM]",,"WICHITA","KS","67216 3159","USA","USD","[PREMIUM]","[PREMIUM]","U060",false,"[PREMIUM]","SE",false,false,"[PREMIUM]",,,,,,,,"[PREMIUM]"
"54810056","2026-07-12 22:22:15.590","2026-08-04 16:55:01.332","54810056","2026-07-31 17:32:15.000","[PREMIUM]","67","KS - WICHITA","2026-08-05","WEDNESDAY","1200","CDT","0","V",2018,"HONDA","PILOT","PILOT","SPORT UTILITY VEHICLE","WHITE","FRONT END",,"KS","ST","YES","D",311508,"A","[PREMIUM]",22536.28,"3.5L 6","FRONT WHEEL DRIVE","AUTOMATIC","GAS",6,"Run & Drive Verified","Pure Sale","[PREMIUM]",,"WICHITA","KS","67216 3159","USA","USD","[PREMIUM]","[PREMIUM]","S120",false,"[PREMIUM]","TOURING",false,false,"[PREMIUM]",,,,,,,,"[PREMIUM]"
"54795826","2026-07-12 22:22:15.578","2026-08-04 16:55:01.330","54795826","2026-08-04 13:55:37.000","[PREMIUM]","67","KS - WICHITA","2026-08-10","MONDAY","1200","CDT","0","V",2018,"FORD","FOCUS","FOCUS","SEDAN","GRAY","FRONT END","SIDE","KS","ST","YES","D",125341,"A","[PREMIUM]",6814.1,"2.0L 4","FRONT WHEEL DRIVE","AUTOMATIC","GAS",4,"Run & Drive Verified","Pure Sale","[PREMIUM]",,"WICHITA","KS","67216 3159","USA","USD","[PREMIUM]","[PREMIUM]","D060",false,"[PREMIUM]","TITANIUM",false,false,"[PREMIUM]",,,,,,,,"[PREMIUM]"
"54516346","2026-07-12 22:22:15.502","2026-08-03 10:55:41.039","54516346","2026-07-28 17:35:54.000","[PREMIUM]","67","KS - WICHITA","2026-08-03","MONDAY","1200","CDT","0","V",2018,"DODGE","CARAVAN","GRAND CARAVAN","VAN PASSENGER","BLACK","REAR END",,"KS","ST","YES","D",117629,"A","[PREMIUM]",9063.68,"3.6L 6","FRONT WHEEL DRIVE","AUTOMATIC","FLEXIBLE",6,"Run & Drive Verified","On Minimum Bid","[PREMIUM]",,"WICHITA","KS","67216 3159","USA","USD","[PREMIUM]","[PREMIUM]","R090",false,"[PREMIUM]","SXT",false,false,"[PREMIUM]",,,,,,,,"[PREMIUM]"
"54411196","2026-07-12 22:22:15.391","2026-08-03 10:55:40.992","54411196","2026-07-31 17:01:46.000","[PREMIUM]","67","KS - WICHITA","2026-08-03","MONDAY","1200","CDT","0","V",2014,"MAZDA","6","6","SEDAN 4DR","BLUE","HAIL","REAR END","KS","ST","YES","D",130401,"A","[PREMIUM]",8960.91,"2.5L 4","FRONT WHEEL DRIVE","AUTOMATIC","GAS",4,"Run & Drive Verified","Pure Sale","[PREMIUM]",,"WICHITA","KS","67216 3159","USA","USD","[PREMIUM]","[PREMIUM]","V120",false,"[PREMIUM]","GRAND TOURING",false,false,"[PREMIUM]",,,,,,,,"[PREMIUM]"
"54232636","2026-07-12 22:22:15.267","2026-08-04 16:55:01.105","54232636","2026-07-31 16:46:49.000","[PREMIUM]","67","KS - WICHITA","2026-08-05","WEDNESDAY","1200","CDT","0","V",2016,"CHRYSLER","300","300","SEDAN 4DR","GRAY","FRONT END","WATER/FLOOD","KS","FS","YES","D",104818,"A","[PREMIUM]",12676,"3.6L 6","ALL WHEEL DRIVE","AUTOMATIC","FLEXIBLE",6,"Run & Drive Verified","Pure Sale","[PREMIUM]",,"WICHITA","KS","67216 3159","USA","USD","[PREMIUM]","[PREMIUM]","R110",false,"[PREMIUM]","S",false,false,"[PREMIUM]",,,,,,,,"[PREMIUM]"
"54174806","2026-07-12 22:22:15.210","2026-08-03 10:55:40.887","54174806","2026-07-28 18:25:51.000","[PREMIUM]","67","KS - WICHITA","2026-08-03","MONDAY","1200","CDT","0","V",2014,"CADILLAC","SRX","SRX","4DR SPORT UTILITY","WHITE","REAR END","SIDE","KS","ST","YES","D",161933,"A","[PREMIUM]",5842.36,"3.6L 6","ALL WHEEL DRIVE","AUTOMATIC","GAS",6,"Run & Drive Verified","On Minimum Bid","[PREMIUM]",,"WICHITA","KS","67216 3159","USA","USD","[PREMIUM]","[PREMIUM]","K090",false,"[PREMIUM]","PERFORMANCE COLLECTION",false,false,"[PREMIUM]",,,,,,,,"[PREMIUM]"
"54099546","2026-07-12 22:22:15.134","2026-08-04 16:55:01.024","54099546","2026-07-31 23:12:25.000","[PREMIUM]","67","KS - WICHITA",,,,"CDT","0","V",2022,"JEEP","WRANGLER","WRANGLER UNLIMITED","SPORT UTILITY VEHICLE","BLACK","ALL OVER",,"KS","ST","NO","E",0,"N","[PREMIUM]",0,"2.0L 4","4X4 W/REAR WHEEL DRV","AUTOMATIC","GAS",4,"DEFAULT","Pure Sale","[PREMIUM]",,"WICHITA","KS","67216 3159","USA","USD","[PREMIUM]","[PREMIUM]","P110",false,"[PREMIUM]",,false,false,"[PREMIUM]",,,,,,,,"[PREMIUM]"
"53979256","2026-07-12 22:22:15.085","2026-08-03 10:55:40.772","53979256","2026-07-28 17:42:27.000","[PREMIUM]","67","KS - WICHITA","2026-08-03","MONDAY","1200","CDT","0","V",2026,"HONDA","HR-V","HR-V","SPORT UTILITY VEHICLE","TEAL","HAIL","WATER/FLOOD","KS","ST","YES","D",7056,"A","[PREMIUM]",15326,"2.0L 4","ALL WHEEL DRIVE","AUTOMATIC","GAS",4,"Run & Drive Verified","Pure Sale","[PREMIUM]",,"WICHITA","KS","67216 3159","USA","USD","[PREMIUM]","[PREMIUM]","P070",false,"[PREMIUM]","EXL",false,false,"[PREMIUM]",,,,,,,,"[PREMIUM]"
"53879176","2026-07-12 22:22:15.004","2026-08-04 16:55:00.886","53879176","2026-07-31 15:20:31.000","[PREMIUM]","67","KS - WICHITA","2026-08-05","WEDNESDAY","1200","CDT","0","V",2020,"FORD","EDGE","EDGE","SPORT UTILITY VEHICLE","WHITE","SIDE","WATER/FLOOD","KS","FS","YES","D",75016,"A","[PREMIUM]",0,"2.0L 4","ALL WHEEL DRIVE","AUTOMATIC","GAS",4,"Run & Drive Verified","Pure Sale","[PREMIUM]",,"WICHITA","KS","67216 3159","USA","USD","[PREMIUM]","[PREMIUM]","Q110",false,"[PREMIUM]","SEL",false,false,"[PREMIUM]",,,,,,,,"[PREMIUM]"
"53770176","2026-07-12 22:22:14.964","2026-08-04 16:55:00.828","53770176","2026-07-31 16:09:08.000","[PREMIUM]","67","KS - WICHITA","2026-08-05","WEDNESDAY","1200","CDT","0","V",2014,"NISSAN","MAXIMA","MAXIMA","SEDAN 4DR","BLUE","HAIL",,"KS","ST","YES","D",215082,"A","[PREMIUM]",8031.12,"3.5L 6","FRONT WHEEL DRIVE","AUTOMATIC","GAS",6,"Run & Drive Verified","Pure Sale","[PREMIUM]",,"WICHITA","KS","67216 3159","USA","USD","[PREMIUM]","[PREMIUM]","H050",false,"[PREMIUM]","S/SV",false,false,"[PREMIUM]",,,,,,,,"[PREMIUM]"
"53727626","2026-07-12 22:22:14.890","2026-08-03 10:55:40.585","53727626","2026-07-28 17:42:47.000","[PREMIUM]","67","KS - WICHITA","2026-08-03","MONDAY","1200","CDT","0","V",2016,"MERCEDES-BENZ","GLE-CLASS","GLE","4DR SPORT UTILITY","SILVER","FRONT END","REAR END","KS","ST","YES","D",145663,"A","[PREMIUM]",11858,"3.5L 6","ALL WHEEL DRIVE","AUTOMATIC","GAS",6,"Run & Drive Verified","Pure Sale","[PREMIUM]",,"WICHITA","KS","67216 3159","USA","USD","[PREMIUM]","[PREMIUM]","N060",false,"[PREMIUM]","350 4MATIC",false,false,"[PREMIUM]",,,,,,,,"[PREMIUM]"
"53574846","2026-07-12 22:22:14.829","2026-08-03 10:55:40.553","53574846","2026-07-28 17:39:23.000","[PREMIUM]","67","KS - WICHITA","2026-08-03","MONDAY","1200","CDT","0","V",2012,"SUZUKI","SX4","SX4","HATCHBACK 4DR","SILVER","FRONT END","SIDE","KS","ST","YES","S",161790,"A","[PREMIUM]",2619.09,"2.0L 4","FRONT WHEEL DRIVE","AUTOMATIC","GAS",4,"Vehicle Starts","Pure Sale","[PREMIUM]",,"WICHITA","KS","67216 3159","USA","USD","[PREMIUM]","[PREMIUM]","N090",false,"[PREMIUM]",,false,false,"[PREMIUM]",,,,,,,,"[PREMIUM]"
"53466216","2026-07-12 22:22:14.681","2026-08-04 16:55:00.646","53466216","2026-07-12 20:51:52.000","[PREMIUM]","67","KS - WICHITA",,,,"CDT","0","V",2025,"FORD","ESCAPE","ESCAPE","SPORT UTILITY VEHICLE","GRAY","HAIL",,"KS","ST","YES","D",6687,"A","[PREMIUM]",13381,"1.5L 3","FRONT WHEEL DRIVE","AUTOMATIC","GAS",3,"Run & Drive Verified","Pure Sale","[PREMIUM]",,"WICHITA","KS","67216 3159","USA","USD","[PREMIUM]","[PREMIUM]","O060",false,"[PREMIUM]","ST LINE",false,false,"[PREMIUM]",,,,,,,,"[PREMIUM]"
"53374706","2026-07-12 22:22:14.547","2026-08-04 16:55:00.600","53374706","2026-07-31 16:38:46.000","[PREMIUM]","67","KS - WICHITA","2026-08-05","WEDNESDAY","1200","CDT","0","V",2021,"FORD","EXPLORER","EXPLORER","SPORT UTILITY VEHICLE","WHITE","HAIL",,"KS","ST","YES","D",60888,"A","[PREMIUM]",13729.78,"3.0L 6","4X4 W/REAR WHEEL DRV","AUTOMATIC","GAS",6,"Run & Drive Verified","On Minimum Bid","[PREMIUM]",,"WICHITA","KS","67216 3159","USA","USD","[PREMIUM]","[PREMIUM]","R130",false,"[PREMIUM]","PLATINUM",false,false,"[PREMIUM]",,,,,,,,"[PREMIUM]"
"53316736","2026-07-12 22:22:14.501","2026-08-04 16:55:00.539","53316736","2026-08-04 13:18:53.000","[PREMIUM]","67","KS - WICHITA","2026-08-05","WEDNESDAY","1200","CDT","0","V",2015,"CHEVROLET","SILVERADO","SILVERADO","CREW PICKUP","GRAY","ALL OVER","SIDE","KS","ST","YES","E",0,"N","[PREMIUM]",20151,"5.3L 8","4X4 W/REAR WHEEL DRV","MANUAL","GAS",8,"DEFAULT","On Minimum Bid","[PREMIUM]",,"WICHITA","KS","67216 3159","USA","USD","[PREMIUM]","[PREMIUM]","L110",false,"[PREMIUM]","K1500 LT",false,false,"[PREMIUM]",,,,,,,,"[PREMIUM]"
"53224736","2026-07-12 22:22:14.447","2026-08-04 16:55:00.540","53224736","2026-07-31 17:24:07.000","[PREMIUM]","67","KS - WICHITA","2026-08-05","WEDNESDAY","1200","CDT","0","V",2005,"BMW","3 SERIES","325","SEDAN 4DR","WHITE","MECHANICAL",,"KS","ST","YES","D",197425,"E","[PREMIUM]",2947.65,"2.5L 6","REAR WHEEL DRIVE","AUTOMATIC","GAS",6,"Run & Drive Verified","On Minimum Bid","[PREMIUM]",,"WICHITA","KS","67216 3159","USA","USD","[PREMIUM]","[PREMIUM]","C030",false,"[PREMIUM]","I",false,false,"[PREMIUM]",,,,,,,,"[PREMIUM]"
"53258196","2026-07-12 22:22:14.437","2026-08-03 10:55:40.255","53258196","2026-07-28 17:37:53.000","[PREMIUM]","67","KS - WICHITA","2026-08-03","MONDAY","1200","CDT","0","V",2015,"JEEP","RENEGADE","RENEGADE","4DR SPORT UTILITY","CREAM","FRONT END",,"KS","ST","YES","D",130364,"A","[PREMIUM]",5995,"2.4L 4","4X4 W/FRONT WHL DRV","AUTOMATIC","GAS",4,"Run & Drive Verified","On Minimum Bid","[PREMIUM]",,"WICHITA","KS","67216 3159","USA","USD","[PREMIUM]","[PREMIUM]","T060",false,"[PREMIUM]","LATITUDE",false,false,"[PREMIUM]",,,,,,,,"[PREMIUM]"
"53166936","2026-07-12 22:22:14.380","2026-08-04 16:55:00.494","53166936","2026-07-31 16:44:20.000","[PREMIUM]","67","KS - WICHITA","2026-08-05","WEDNESDAY","1200","CDT","0","V",2018,"GMC","TERRAIN","TERRAIN","SPORT UTILITY VEHICLE","WHITE","FRONT END",,"KS","ST","YES","D",96734,"A","[PREMIUM]",9334,"1.5L 4","FRONT WHEEL DRIVE","AUTOMATIC","GAS",4,"Run & Drive Verified","Pure Sale","[PREMIUM]",,"WICHITA","KS","67216 3159","USA","USD","[PREMIUM]","[PREMIUM]","G070",false,"[PREMIUM]","SLE",false,false,"[PREMIUM]",,,,,,,,"[PREMIUM]"
"53054486","2026-07-12 22:22:14.201","2026-08-04 16:55:00.489","53054486","2026-07-12 20:51:51.000","[PREMIUM]","67","KS - WICHITA",,,,"CDT","0","V",2018,"CHEVROLET","SILVERADO","SILVERADO","PICKUP","RED","HAIL",,"KS","ST","YES","D",103707,"A","[PREMIUM]",10330,"5.3L 8","4X4 W/REAR WHEEL DRV","AUTOMATIC","GAS",8,"Run & Drive Verified","Pure Sale","[PREMIUM]",,"WICHITA","KS","67216 3159","USA","USD","[PREMIUM]","[PREMIUM]","M060",false,"[PREMIUM]","K1500 LT",false,false,"[PREMIUM]",,,,,,,,"[PREMIUM]"
"52936896","2026-07-12 22:22:14.054","2026-08-04 16:55:00.438","52936896","2026-07-31 15:07:04.000","[PREMIUM]","67","KS - WICHITA","2026-08-05","WEDNESDAY","1200","CDT","0","V",2015,"CHEVROLET","SONIC","SONIC","HATCHBACK 4DR","BLACK","HAIL",,"KS","ST","YES","D",178893,"A","[PREMIUM]",7709,"1.8L 4","FRONT WHEEL DRIVE","AUTOMATIC","GAS",4,"Run & Drive Verified","Pure Sale","[PREMIUM]",,"WICHITA","KS","67216 3159","USA","USD","[PREMIUM]","[PREMIUM]","C030",false,"[PREMIUM]","LT",false,false,"[PREMIUM]",,,,,,,,"[PREMIUM]"
"52948826","2026-07-12 22:22:14.048","2026-08-03 10:55:40.141","52948826","2026-07-28 17:43:53.000","[PREMIUM]","67","KS - WICHITA","2026-08-03","MONDAY","1200","CDT","0","V",2019,"CHEVROLET","EQUINOX","EQUINOX","SPORT UTILITY VEHICLE","BURGUNDY","HAIL",,"KS","ST","YES","D",83633,"A","[PREMIUM]",12361,"1.5L 4","FRONT WHEEL DRIVE","AUTOMATIC","GAS",4,"Run & Drive Verified","On Minimum Bid","[PREMIUM]",,"WICHITA","KS","67216 3159","USA","USD","[PREMIUM]","[PREMIUM]","R070",false,"[PREMIUM]","LT",false,false,"[PREMIUM]",,,,,,,,"[PREMIUM]"
"52868156","2026-07-12 22:22:13.988","2026-08-04 16:55:00.400","52868156","2026-07-31 14:52:26.000","[PREMIUM]","67","KS - WICHITA","2026-08-05","WEDNESDAY","1200","CDT","0","V",2021,"RAM","1500","1500","PICKUP","BLUE","HAIL",,"KS","ST","YES","D",43454,"A","[PREMIUM]",23013.54,"3.0L 6","4X4 W/REAR WHEEL DRV","AUTOMATIC","DIESEL",6,"Run & Drive Verified","On Minimum Bid","[PREMIUM]",,"WICHITA","KS","67216 3159","USA","USD","[PREMIUM]","[PREMIUM]","R110",false,"[PREMIUM]","LIMITED",false,false,"[PREMIUM]",,,,,,,,"[PREMIUM]"
"52741846","2026-07-12 22:22:13.770","2026-08-04 16:55:00.364","52741846","2026-07-31 15:51:58.000","[PREMIUM]","67","KS - WICHITA","2026-08-05","WEDNESDAY","1200","CDT","0","V",2015,"CHEVROLET","EQUINOX","EQUINOX","4DR SPORT UTILITY","GREEN","FRONT END","SIDE","KS","ST","YES","D",119016,"A","[PREMIUM]",9121.96,"2.4L 4","FRONT WHEEL DRIVE","AUTOMATIC","FLEXIBLE",4,"Run & Drive Verified","Pure Sale","[PREMIUM]",,"WICHITA","KS","67216 3159","USA","USD","[PREMIUM]","[PREMIUM]","H060",false,"[PREMIUM]","LT",false,false,"[PREMIUM]",,,,,,,,"[PREMIUM]"
"52482256","2026-07-12 22:22:13.652","2026-08-04 16:55:00.287","52482256","2026-08-03 14:03:41.000","[PREMIUM]","67","KS - WICHITA",,,,"CDT","0","V",2013,"FORD","TAURUS","TAURUS","SEDAN 4DR","RED","FRONT END","SIDE","KS","ST","YES","D",143402,"A","[PREMIUM]",13211.88,"3.5L 6","ALL WHEEL DRIVE","AUTOMATIC","GAS",6,"Run & Drive Verified","Pure Sale","[PREMIUM]",,"WICHITA","KS","67216 3159","USA","USD","[PREMIUM]","[PREMIUM]","P040",false,"[PREMIUM]","SHO",false,false,"[PREMIUM]",,,,,,,,"[PREMIUM]"
"52473336","2026-07-12 22:22:13.635","2026-08-04 16:55:00.289","52473336","2026-07-31 17:28:27.000","[PREMIUM]","67","KS - WICHITA","2026-08-05","WEDNESDAY","1200","CDT","0","V",2024,"KIA","FORTE","FORTE","SEDAN","WHITE","FRONT END","SIDE","KS","ST","YES","D",21241,"A","[PREMIUM]",17814.68,"2.0L 4","FRONT WHEEL DRIVE","AUTOMATIC","GAS",4,"Run & Drive Verified","Pure Sale","[PREMIUM]",,"WICHITA","KS","67216 3159","USA","USD","[PREMIUM]","[PREMIUM]","C030",false,"[PREMIUM]","LXS",false,false,"[PREMIUM]",,,,,,,,"[PREMIUM]"
"52347666","2026-07-12 22:22:13.494","2026-08-03 10:55:39.788","52347666","2026-07-28 17:41:15.000","[PREMIUM]","67","KS - WICHITA","2026-08-03","MONDAY","1200","CDT","0","V",2020,"FORD","EXPLORER","EXPLORER","SPORT UTILITY VEHICLE","BLUE","HAIL",,"KS","ST","YES","D",91545,"A","[PREMIUM]",10213.35,"2.3L 4","4X4 W/REAR WHEEL DRV","AUTOMATIC","GAS",4,"Run & Drive Verified","On Minimum Bid","[PREMIUM]",,"WICHITA","KS","67216 3159","USA","USD","[PREMIUM]","[PREMIUM]","F060",false,"[PREMIUM]","LIMITED",false,false,"[PREMIUM]",,,,,,,,"[PREMIUM]"
"52177006","2026-07-12 22:22:13.361","2026-08-04 16:55:00.180","52177006","2026-08-04 14:18:33.000","[PREMIUM]","67","KS - WICHITA","2026-08-10","MONDAY","1200","CDT","0","V",2018,"FORD","F150","F150","PICKUP","BLACK","FRONT END",,"KS","ST","YES","D",130522,"A","[PREMIUM]",0,"3.3L 6","4X4 W/REAR WHEEL DRV","AUTOMATIC","GAS",6,"Run & Drive Verified","On Minimum Bid","[PREMIUM]",,"WICHITA","KS","67216 3159","USA","USD","[PREMIUM]","[PREMIUM]","S130",false,"[PREMIUM]","SUPERCREW",false,false,"[PREMIUM]",,,,,,,,"[PREMIUM]"
"51569596","2026-07-12 22:22:13.141","2026-08-04 16:55:00.076","51569596","2026-08-03 18:47:04.000","[PREMIUM]","67","KS - WICHITA","2026-08-10","MONDAY","1200","CDT","0","V",2020,"DODGE","DURANGO","DURANGO","SPORT UTILITY VEHICLE","BLACK","FRONT END","SIDE","KS","ST","YES",,0,"N","[PREMIUM]",14833,"3.6L 6","ALL WHEEL DRIVE","AUTOMATIC","FLEXIBLE",6,,"On Minimum Bid","[PREMIUM]",,"WICHITA","KS","67216 3159","USA","USD","[PREMIUM]","[PREMIUM]","M080",false,"[PREMIUM]","SXT",false,false,"[PREMIUM]",,,,,,,,"[PREMIUM]"
"50310926","2026-07-12 22:22:12.896","2026-08-04 16:54:59.983","50310926","2026-07-31 17:09:21.000","[PREMIUM]","67","KS - WICHITA","2026-08-05","WEDNESDAY","1200","CDT","0","V",2011,"HYUNDAI","SONATA","SONATA","SEDAN","SILVER","FRONT END",,"KS","ST","YES","D",135487,"A","[PREMIUM]",6487.76,"2.0L 4","FRONT WHEEL DRIVE","AUTOMATIC","GAS",4,"Run & Drive Verified","On Minimum Bid","[PREMIUM]",,"WICHITA","KS","67216 3159","USA","USD","[PREMIUM]","[PREMIUM]","D060",false,"[PREMIUM]","LIMITED 2.0T",false,false,"[PREMIUM]",,,,,,,,"[PREMIUM]"
"49915456","2026-07-12 22:22:12.814","2026-08-03 10:55:39.243","49915456","2026-07-28 17:37:04.000","[PREMIUM]","67","KS - WICHITA","2026-08-03","MONDAY","1200","CDT","0","V",2010,"DODGE","All Models","RAM 1500","CREW PICKUP","RED","FRONT END","REAR END","KS","ST","NO",,292668,"E","[PREMIUM]",0,"4.7L 8","4X4 W/REAR WHEEL DRV","AUTOMATIC","GAS",8,,"Pure Sale","[PREMIUM]",,"WICHITA","KS","67216 3159","USA","USD","[PREMIUM]","[PREMIUM]","P090",false,"[PREMIUM]",,false,false,"[PREMIUM]",,,,,,,,"[PREMIUM]"
"48427836","2026-07-12 22:22:12.577","2026-08-03 10:55:39.061","48427836","2026-07-28 18:25:34.000","[PREMIUM]","67","KS - WICHITA","2026-08-03","MONDAY","1200","CDT","0","V",2023,"CHEVROLET","TRAILBLAZE","TRAILBLAZER","SPORT UTILITY VEHICLE","SILVER","REAR END",,"KS","ST","NO","E",104523,"A","[PREMIUM]",15682,"1.2L 3","FRONT WHEEL DRIVE","AUTOMATIC","GAS",3,"DEFAULT","Pure Sale","[PREMIUM]",,"WICHITA","KS","67216 3159","USA","USD","[PREMIUM]","[PREMIUM]","Q100",false,"[PREMIUM]","LT",false,false,"[PREMIUM]",,,,,,,,"[PREMIUM]"
"58407806","2026-07-12 16:27:54.146","2026-08-03 11:02:34.748","58407806","2026-07-28 21:34:53.000","[PREMIUM]","855","WHOLESALE AUCTION","2026-08-04","TUESDAY","1200","EDT","0","V",2012,"FORD","EXPLORER","EXPLORER","4DR SPORT UTILITY","GRAY","MINOR DENT/SCRATCHES","MECHANICAL","NY","RP","YES","D",195103,"A","[PREMIUM]",0,"3.5L 6","4X4 W/FRONT WHL DRV","AUTOMATIC","GAS",6,"Run & Drive Verified","On Approval","[PREMIUM]",,"ANGOLA","NY","14006 9726","USA","USD","[PREMIUM]","[PREMIUM]","1M030",false,"[PREMIUM]","LIMITED",false,true,"[PREMIUM]",,,,,"RED LIGHT",2.5,"Maintenance,Safety,Other,Emission","[PREMIUM]"
"59672096","2026-07-12 16:27:12.127","2026-08-03 11:01:56.219","59672096","2026-07-12 15:08:13.000","[PREMIUM]","295","ATLANTIC CANADA AUCTION",,,,"AKST","0","C",2006,"SUZUKI","GSX","GSX-R600","RACER","TWO TONE","ALL OVER","VANDALISM","NS","RG","NO",,0,"E","[PREMIUM]",7302.22,"4",,"MANUAL",,4,,"Pure Sale","[PREMIUM]",,"MONCTON","NB","E1E 4R8","CAN","CAD","[PREMIUM]","[PREMIUM]","SHOP2",false,"[PREMIUM]","K6",false,false,"[PREMIUM]",,,,,,,,"[PREMIUM]"
"59535566","2026-07-12 16:27:12.119","2026-07-22 19:09:59.901","59535566","2026-07-21 17:56:14.000","[PREMIUM]","295","ATLANTIC CANADA AUCTION","2026-07-23","THURSDAY","700","AKST","0","V",2023,"GMC","CANYON","CANYON","PICKUP","BLUE","BURN",,"NS","NR","EXM","E",0,"N","[PREMIUM]",41290.56,"2.7L 4","4X4 W/REAR WHEEL DRV","AUTOMATIC","GAS",4,"DEFAULT","Pure Sale","[PREMIUM]",,"MONCTON","NB","E1E 4R8","CAN","CAD","[PREMIUM]","[PREMIUM]","C050",false,"[PREMIUM]","AT4",false,false,"[PREMIUM]",,,,,,,,"[PREMIUM]"
"60356306","2026-07-12 16:27:12.117","2026-07-22 19:10:00.011","60356306","2026-07-21 17:38:07.000","[PREMIUM]","295","ATLANTIC CANADA AUCTION","2026-07-23","THURSDAY","700","AKST","0","V",2018,"NISSAN","ROGUE","QASHQAI",,"GREEN","SIDE",,"NS","RG","YES","D",201541,"A","[PREMIUM]",8944.69,,,"AUTOMATIC",,,"Run & Drive Verified","Pure Sale","[PREMIUM]",,"MONCTON","NB","E1E 4R8","CAN","CAD","[PREMIUM]","[PREMIUM]","C020",false,"[PREMIUM]",,false,false,"[PREMIUM]",,,,,,,,"[PREMIUM]"
"57672156","2026-07-12 16:27:11.886","2026-07-22 19:09:59.797","57672156","2026-07-21 17:37:29.000","[PREMIUM]","295","ATLANTIC CANADA AUCTION","2026-07-23","THURSDAY","700","AKST","0","V",2018,"HONDA","CIVIC","CIVIC","SEDAN","WHITE","FRONT END",,"NS","RG","YES","D",173477,"A","[PREMIUM]",4366.6,"2.0L 4","FRONT WHEEL DRIVE","AUTOMATIC","GAS",4,"Run & Drive Verified","Pure Sale","[PREMIUM]",,"MONCTON","NB","E1E 4R8","CAN","CAD","[PREMIUM]","[PREMIUM]","A020",false,"[PREMIUM]","LX",false,false,"[PREMIUM]",,,,,,,,"[PREMIUM]"
"56085226","2026-07-12 16:27:11.725","2026-08-03 11:01:55.874","56085226","2026-07-12 12:54:01.000","[PREMIUM]","295","ATLANTIC CANADA AUCTION",,,,"AKST","0","V",2008,"BMW","1 SERIES","128","CONVERTIBLE","RED","FRONT END",,"NS","ST","YES","D",159534,"A","[PREMIUM]",13448.47,"3.0L 6","REAR WHEEL DRIVE","AUTOMATIC","GAS",6,"Run & Drive Verified","Pure Sale","[PREMIUM]",,"MONCTON","NB","E1E 4R8","CAN","CAD","[PREMIUM]","[PREMIUM]","B020",false,"[PREMIUM]","I",false,false,"[PREMIUM]",,,,,,,,"[PREMIUM]"
"55248036","2026-07-12 16:27:11.632","2026-07-22 19:09:59.576","55248036","2026-07-21 17:44:48.000","[PREMIUM]","295","ATLANTIC CANADA AUCTION","2026-07-23","THURSDAY","700","AKST","0","V",2016,"HONDA","CRV","CR-V","4DR SPORT UTILITY","BLACK","REAR END",,"NS","ST","YES","D",230841,"A","[PREMIUM]",13593.16,"2.4L 4","ALL WHEEL DRIVE","AUTOMATIC","GAS",4,"Run & Drive Verified","Pure Sale","[PREMIUM]",,"MONCTON","NB","E1E 4R8","CAN","CAD","[PREMIUM]","[PREMIUM]","A020",false,"[PREMIUM]","LX",false,false,"[PREMIUM]",,,,,,,,"[PREMIUM]"
"56687636","2026-07-12 16:22:57.407","2026-07-20 13:08:59.460","56687636","2026-07-20 02:00:54.000","[PREMIUM]","855","WHOLESALE AUCTION","2026-07-21","TUESDAY","1200","EDT","0","V",2017,"HYUNDAI","SANTA FE","SANTA FE","4DR SPORT UTILITY","BLACK","MINOR DENT/SCRATCHES",,"VA","CT","YES","D",215370,"A","[PREMIUM]",0,"3.3L 6","ALL WHEEL DRIVE","AUTOMATIC","GAS",6,"Run & Drive Verified","On Approval","[PREMIUM]",,"FINKSBURG","MD","21048 1635","USA","USD","[PREMIUM]","[PREMIUM]","E010",false,"[PREMIUM]","SE",false,true,"[PREMIUM]",,,,,"GREEN LIGHT",3.7,"Other,Emission","[PREMIUM]"
"59273446","2026-07-12 16:22:32.527","2026-08-02 22:56:49.275","59273446","2026-07-31 13:58:47.000","[PREMIUM]","92","MO - SPRINGFIELD","2026-08-03","MONDAY","1200","CDT","125","V",2016,"TOYOTA","TACOMA TRD","TACOMA","PICKUP","BLACK","HAIL",,"ID","SC","YES","D",290833,"A","[PREMIUM]",9206,"3.5L 6","FOUR BY FOUR","AUTOMATIC","GAS",6,"Run & Drive Verified","On Minimum Bid","[PREMIUM]",,"ROGERSVILLE","MO","65742 7171","USA","USD","[PREMIUM]","[PREMIUM]","3B080",false,"[PREMIUM]","TRD SPORT",false,false,"[PREMIUM]",,,,,,,,"[PREMIUM]"
"57299426","2026-07-12 16:22:29.977","2026-07-22 07:06:10.044","57299426","2026-07-20 22:29:25.000","[PREMIUM]","92","MO - SPRINGFIELD","2026-07-22","WEDNESDAY","1200","CDT","69","V",2023,"TOYOTA","HIGHLANDER","HIGHLANDER","SUV","SILVER","HAIL",,"ID","SC","YES","D",105241,"A","[PREMIUM]",16637,"2.4L 4","ALL WHEEL DRIVE","AUTOMATIC","GAS",4,"Run & Drive Verified","On Minimum Bid","[PREMIUM]",,"ROGERSVILLE","MO","65742 7171","USA","USD","[PREMIUM]","[PREMIUM]","1F070",false,"[PREMIUM]","LE",false,false,"[PREMIUM]",,,,,,,,"[PREMIUM]"
"60314916","2026-07-12 16:21:05.957","2026-08-04 04:53:46.368","60314916","2026-07-31 16:53:21.000","[PREMIUM]","67","KS - WICHITA","2026-08-05","WEDNESDAY","1200","CDT","0","V",2014,"FORD","EXPLORER","EXPLORER","4DR SPORT UTILITY","WHITE","FRONT END","SIDE","KS","ST","YES","D",147572,"A","[PREMIUM]",15000,"3.5L 6","4X4 W/FRONT WHL DRV","AUTOMATIC","GAS",6,"Run & Drive Verified","On Minimum Bid","[PREMIUM]",,"WICHITA","KS","67216 3159","USA","USD","[PREMIUM]","[PREMIUM]","N060",false,"[PREMIUM]","XLT",false,false,"[PREMIUM]",,,,,,,,"[PREMIUM]"
"59382316","2026-07-12 16:21:05.687","2026-07-28 16:41:13.104","59382316","2026-07-24 18:38:33.000","[PREMIUM]","67","KS - WICHITA","2026-07-29","WEDNESDAY","1200","CDT","0","V",2001,"MERCEDES-BENZ","SLK-CLASS","SLK","CONVERTIBLE","GRAY","HAIL","TOP/ROOF","KS","ST","YES","D",127137,"E","[PREMIUM]",7736,"2.3L 4","REAR WHEEL DRIVE","AUTOMATIC","GAS",4,"Run & Drive Verified","Pure Sale","[PREMIUM]",,"WICHITA","KS","67216 3159","USA","USD","[PREMIUM]","[PREMIUM]","M080",false,"[PREMIUM]","230 KOMPRESSOR",false,false,"[PREMIUM]",,,,,,,,"[PREMIUM]"
"58459656","2026-07-12 16:18:14.297","2026-08-04 16:52:22.298","58459656","2026-08-03 20:15:26.000","[PREMIUM]","855","WHOLESALE AUCTION","2026-08-04","TUESDAY","1200","EDT","7058","V",2011,"BMW","3 SERIES","328","SEDAN 4DR","BLACK","FRONT END","MECHANICAL","VA","CT","YES","E",111345,"A","[PREMIUM]",0,"3.0L 6","ALL WHEEL DRIVE","AUTOMATIC","GAS",6,"DEFAULT","On Minimum Bid","[PREMIUM]",,"PENNSBURG","PA","18073 2303","USA","USD","[PREMIUM]","[PREMIUM]","L050",false,"[PREMIUM]","XI SULEV",false,true,"[PREMIUM]",,,,,"RED LIGHT",2.7,,"[PREMIUM]"
"59965686","2026-07-12 10:30:11.844","2026-08-03 11:03:32.701","59965686","2026-07-25 11:02:58.000","[PREMIUM]","373","NC - LAGRANGE","2026-08-04","TUESDAY","1000","EDT","0","V",2006,"HONDA","ACCORD","ACCORD","SEDAN 4DR","BLUE","FRONT END","SIDE","NC","SC","YES","D",222404,"E","[PREMIUM]",3026.03,"3.0L 6","FRONT WHEEL DRIVE","AUTOMATIC","GAS",6,"Run & Drive Verified","Pure Sale","[PREMIUM]",,"LA GRANGE","NC","28551","USA","USD","[PREMIUM]","[PREMIUM]","E090",false,"[PREMIUM]","EX",false,false,"[PREMIUM]",,,,,,,,"[PREMIUM]"
"79672165","2026-07-12 10:30:00.299","2026-08-03 11:03:21.368","79672165","2026-07-31 18:47:19.000","[PREMIUM]","369","KS - KANSAS CITY","2026-08-04","TUESDAY","1200","CDT","2542","V",2014,"BUICK","ENCORE","ENCORE","4DR SPORT UTILITY","GRAY","UNDERCARRIAGE","REAR END","KS","ST","YES","S",177640,"A","[PREMIUM]",4221,"1.4L 4","ALL WHEEL DRIVE","AUTOMATIC","GAS",4,"Vehicle Starts","Pure Sale","[PREMIUM]",,"KANSAS CITY","KS","66111 2629","USA","USD","[PREMIUM]","[PREMIUM]","I090",false,"[PREMIUM]","CONVENIENCE",false,false,"[PREMIUM]",,,,,,,,"[PREMIUM]"
"53028666","2026-07-12 10:29:53.541","2026-08-03 11:03:15.686","53028666","2026-07-31 18:47:18.000","[PREMIUM]","369","KS - KANSAS CITY","2026-08-04","TUESDAY","1200","CDT","2071","V",2016,"FORD","EDGE","EDGE","4DR SPORT UTILITY","SILVER","FRONT END",,"KS","ST","YES","D",141440,"A","[PREMIUM]",10690.23,"2.0L 4","ALL WHEEL DRIVE","AUTOMATIC","GAS",4,"Run & Drive Verified","On Minimum Bid","[PREMIUM]",,"KANSAS CITY","KS","66111 2629","USA","USD","[PREMIUM]","[PREMIUM]","A100",false,"[PREMIUM]","SEL",false,false,"[PREMIUM]",,,,,,,,"[PREMIUM]"
"52642356","2026-07-12 10:29:53.210","2026-08-03 11:03:15.429","52642356","2026-07-31 18:47:18.000","[PREMIUM]","369","KS - KANSAS CITY","2026-08-04","TUESDAY","1200","CDT","136","V",2007,"GMC","YUKON","YUKON XL","4DR SPORT UTILITY","RED","HAIL",,"KS","ST","YES","D",110172,"E","[PREMIUM]",8503,"6.2L 8","ALL WHEEL DRIVE","AUTOMATIC","GAS",8,"Run & Drive Verified","On Minimum Bid","[PREMIUM]",,"KANSAS CITY","KS","66111 2629","USA","USD","[PREMIUM]","[PREMIUM]","F130",false,"[PREMIUM]","DENALI",false,false,"[PREMIUM]",,,,,,,,"[PREMIUM]"
"51098726","2026-07-12 10:29:52.591","2026-08-03 11:03:14.927","51098726","2026-07-31 18:47:18.000","[PREMIUM]","369","KS - KANSAS CITY","2026-08-04","TUESDAY","1200","CDT","125","V",2012,"FORD","ALL Models","MUSTANG","COUPE","BLACK","FRONT END","HAIL","KS","ST","YES","D",207545,"A","[PREMIUM]",3505.93,"3.7L 6","REAR WHEEL DRIVE","MANUAL","GAS",6,"Run & Drive Verified","On Minimum Bid","[PREMIUM]",,"KANSAS CITY","KS","66111 2629","USA","USD","[PREMIUM]","[PREMIUM]","J130",false,"[PREMIUM]",,false,false,"[PREMIUM]",,,,,,,,"[PREMIUM]"
"50367466","2026-07-12 10:29:52.387","2026-08-03 11:03:14.791","50367466","2026-07-31 18:47:18.000","[PREMIUM]","369","KS - KANSAS CITY","2026-08-04","TUESDAY","1200","CDT","2025","V",2015,"TOYOTA","All Models","SIENNA","MINI-VAN","BLACK","SIDE","REAR END","KS","ST","YES","D",149304,"A","[PREMIUM]",11215.31,"3.5L 6","FRONT WHEEL DRIVE","AUTOMATIC","GAS",6,"Run & Drive Verified","On Minimum Bid","[PREMIUM]",,"KANSAS CITY","KS","66111 2629","USA","USD","[PREMIUM]","[PREMIUM]","F040",false,"[PREMIUM]","XLE 8-PASSENGER",false,false,"[PREMIUM]",,,,,,,,"[PREMIUM]"
"46106416","2026-07-12 10:29:51.619","2026-08-03 11:03:14.400","46106416","2026-07-31 18:47:18.000","[PREMIUM]","369","KS - KANSAS CITY","2026-08-04","TUESDAY","1200","CDT","2056","V",2014,"BUICK","ENCORE","ENCORE","4DR SPORT UTILITY","BLACK","FRONT END","SIDE","KS","ST","YES","D",133225,"A","[PREMIUM]",6160.93,"1.4L 4","FRONT WHEEL DRIVE","AUTOMATIC","GAS",4,"Run & Drive Verified","Pure Sale","[PREMIUM]",,"KANSAS CITY","KS","66111 2629","USA","USD","[PREMIUM]","[PREMIUM]","K150",false,"[PREMIUM]","CONVENIENCE",false,false,"[PREMIUM]",,,,,,,,"[PREMIUM]"
"58280116","2026-07-12 10:27:28.837","2026-07-15 20:58:43.885","58280116","2026-07-15 19:53:45.000","[PREMIUM]","181","TX - DALLAS SOUTH","2026-07-16","THURSDAY","1200","CDT","0","V",2012,"HONDA","ACCORD","ACCORD","SEDAN 4DR","WHITE","REAR END","FRONT END","TX","SV","YES","D",187323,"A","[PREMIUM]",3890.43,"2.4L 4","FRONT WHEEL DRIVE","AUTOMATIC","GAS",4,"Run & Drive Verified","Pure Sale","[PREMIUM]",,"WILMER","TX","75172 1528","USA","USD","[PREMIUM]","[PREMIUM]","E020",false,"[PREMIUM]","SE",false,false,"[PREMIUM]",,,,,,,,"[PREMIUM]"
"57646186","2026-07-12 10:26:34.079","2026-07-28 16:46:11.679","57646186","2026-07-25 14:06:32.000","[PREMIUM]","154","NC - MEBANE","2026-07-29","WEDNESDAY","1000","EDT","0","V",2006,"HONDA","ACCORD","ACCORD","SEDAN 4DR","BLACK","FRONT END",,"NC","SC","YES","D",247351,"E","[PREMIUM]",11181.2,"3.0L 6","FRONT WHEEL DRIVE","AUTOMATIC","GAS",6,"Run & Drive Verified","Pure Sale","[PREMIUM]",,"MEBANE","NC","27302 9437","USA","USD","[PREMIUM]","[PREMIUM]","G100",false,"[PREMIUM]","EX",false,false,"[PREMIUM]",,,,,,,,"[PREMIUM]"
"52217566","2026-07-12 10:26:31.379","2026-07-28 16:46:08.374","52217566","2026-07-21 18:47:03.000","[PREMIUM]","154","NC - MEBANE","2026-07-29","WEDNESDAY","1000","EDT","22","V",2007,"HONDA","ACCORD","ACCORD","SEDAN 4DR","GRAY","FRONT END",,"NC","SC","YES","D",225217,"A","[PREMIUM]",2621,"3.0L 6","FRONT WHEEL DRIVE","AUTOMATIC","GAS",6,"Run & Drive Verified","Pure Sale","[PREMIUM]",,"MEBANE","NC","27302 9437","USA","USD","[PREMIUM]","[PREMIUM]","G100",false,"[PREMIUM]","EX",false,false,"[PREMIUM]",,,,,,,,"[PREMIUM]"
"52348286","2026-07-12 10:25:19.164","2026-08-03 10:58:55.924","52348286","2026-07-07 23:51:22.000","[PREMIUM]","133","NV - LAS VEGAS WEST",,,,"PDT","0","V",2006,"HONDA","ELEMENT","ELEMENT","4DR SPORT UTILITY","TWO TONE","UNDERCARRIAGE","REAR END","NV","SC","YES","D",196219,"E","[PREMIUM]",5358.02,"2.4L 4","FRONT WHEEL DRIVE","AUTOMATIC","GAS",4,"Run & Drive Verified","Pure Sale","[PREMIUM]",,"NORTH LAS VEGAS","NV","89032","USA","USD","[PREMIUM]","[PREMIUM]","4E060",false,"[PREMIUM]","LX",false,false,"[PREMIUM]",,,,,,,,"[PREMIUM]"
"55968986","2026-07-12 10:24:21.309","2026-07-21 19:06:39.339","55968986","2026-07-20 19:37:12.000","[PREMIUM]","107","GA - ATLANTA EAST","2026-07-22","WEDNESDAY","1000","EDT","78","V",2007,"HONDA","ACCORD","ACCORD","SEDAN 4DR","SILVER","FRONT END",,"GA","ST","YES","D",180369,"E","[PREMIUM]",3825.16,"2.4L 4","FRONT WHEEL DRIVE","AUTOMATIC","GAS",4,"Run & Drive Verified","Pure Sale","[PREMIUM]",,"LOGANVILLE","GA","30052 4625","USA","USD","[PREMIUM]","[PREMIUM]","V120",false,"[PREMIUM]","LX",false,false,"[PREMIUM]",,,,,,,,"[PREMIUM]"
"57009776","2026-07-12 10:23:58.544","2026-08-03 10:57:32.649","57009776","2026-07-13 23:34:20.000","[PREMIUM]","98","TX - FT. WORTH",,,,"CDT","0","V",2010,"HONDA","ACCORD","ACCORD","SEDAN 4DR","GRAY","FRONT END","SIDE","TX","SV","YES","S",170427,"E","[PREMIUM]",0,"2.4L 4","FRONT WHEEL DRIVE","AUTOMATIC","GAS",4,"Vehicle Starts","Pure Sale","[PREMIUM]",,"HASLET","TX","76052 3840","USA","USD","[PREMIUM]","[PREMIUM]","B150",false,"[PREMIUM]","LXP",false,false,"[PREMIUM]",,,,,,,,"[PREMIUM]"
"52253096","2026-07-12 10:23:22.645","2026-07-30 20:37:17.003","52253096","2026-07-30 19:36:10.000","[PREMIUM]","91","NJ - SOMERVILLE","2026-07-31","FRIDAY","1000","EDT","2299","V",2009,"HONDA","CIVIC","CIVIC","SEDAN 4DR","SILVER","FRONT END","SIDE","NJ","SC","YES","D",157941,"X","[PREMIUM]",7930,"1.8L 4","FRONT WHEEL DRIVE","MANUAL","GAS",4,"Run & Drive Verified","Pure Sale","[PREMIUM]",,"HILLSBOROUGH","NJ","08844 4662","USA","USD","[PREMIUM]","[PREMIUM]","9J070",false,"[PREMIUM]","LX",false,false,"[PREMIUM]",,,,,,,,"[PREMIUM]"
"57595806","2026-07-12 10:22:24.354","2026-07-15 20:54:41.230","57595806","2026-07-12 08:00:10.000","[PREMIUM]","75","NM - ALBUQUERQUE","2026-07-16","THURSDAY","1200","MDT","0","V",2010,"HONDA","CRV","CR-V","4DR SPORT UTILITY","WHITE","REAR END","FRONT END","NM","ST","NO","E",0,"E","[PREMIUM]",0,"2.4L 4","ALL WHEEL DRIVE","AUTOMATIC","GAS",4,"DEFAULT","Pure Sale","[PREMIUM]",,"ALBUQUERQUE","NM","87105 4755","USA","USD","[PREMIUM]","[PREMIUM]","E100",false,"[PREMIUM]","LX",false,false,"[PREMIUM]",,,,,,,,"[PREMIUM]"
"76753435","2026-07-12 10:21:58.275","2026-08-04 16:55:04.906","76753435","2026-07-31 18:33:11.000","[PREMIUM]","67","KS - WICHITA","2026-08-05","WEDNESDAY","1200","CDT","0","V",2016,"DODGE","DART","DART","SEDAN 4D","BLUE","SIDE","WATER/FLOOD","KS","FS","YES","D",123549,"A","[PREMIUM]",7000,"2.0L  4","Front-wheel Drive","AUTOMATIC","GAS",4,"Run & Drive Verified","On Minimum Bid","[PREMIUM]",,"WICHITA","KS","67216 3159","USA","USD","[PREMIUM]","[PREMIUM]","O110",false,"[PREMIUM]","SE",false,false,"[PREMIUM]",,,,,,,,"[PREMIUM]"
"59084976","2026-07-12 10:21:57.643","2026-08-04 16:55:04.022","59084976","2026-07-12 05:29:31.000","[PREMIUM]","836","HEAVY TRUCK SPECIALTY SALE",,,,"CDT","0","R",1991,"FORD","F530","F530","MOTORIZED HOME","WHITE","HAIL",,"KS","ST","YES","E",0,"E","[PREMIUM]",21000,"8","REAR WHEEL DRIVE","AUTOMATIC","GAS",8,"DEFAULT","On Minimum Bid","[PREMIUM]",,"WICHITA","KS","67216 3159","USA","USD","[PREMIUM]","[PREMIUM]","SCHMD",false,"[PREMIUM]","SUPER DUTY",false,false,"[PREMIUM]",,,,,,,,"[PREMIUM]"
"58919786","2026-07-12 10:21:57.468","2026-08-04 16:55:03.057","58919786","2026-07-12 05:29:30.000","[PREMIUM]","836","HEAVY TRUCK SPECIALTY SALE",,,,"CDT","0","U",2006,"VOLVO","VN","VN","TRACTOR TRUCK","WHITE","FRONT END",,"KS","ST","NO","E",0,"E","[PREMIUM]",20000,"6","REAR WHEEL DRIVE","MANUAL","DIESEL",6,"DEFAULT","On Minimum Bid","[PREMIUM]",,"WICHITA","KS","67216 3159","USA","USD","[PREMIUM]","[PREMIUM]","SCHMD",false,"[PREMIUM]","VNL",false,false,"[PREMIUM]",,,,,,,,"[PREMIUM]"
"57303306","2026-07-12 10:21:56.644","2026-08-04 16:55:02.333","57303306","2026-07-31 15:42:04.000","[PREMIUM]","67","KS - WICHITA","2026-08-05","WEDNESDAY","1200","CDT","0","V",2022,"VOLKSWAGEN","TIGUAN","TIGUAN","SPORT UTILITY VEHICLE","BLACK","REAR END","WATER/FLOOD","KS","FS","YES",,106454,"A","[PREMIUM]",15103,"2.0L 4","FRONT WHEEL DRIVE","AUTOMATIC","GAS",4,,"Pure Sale","[PREMIUM]",,"WICHITA","KS","67216 3159","USA","USD","[PREMIUM]","[PREMIUM]","Q130",false,"[PREMIUM]","SE",false,false,"[PREMIUM]",,,,,,,,"[PREMIUM]"
"56833766","2026-07-12 10:21:56.387","2026-08-04 16:55:02.221","56833766","2026-07-31 17:22:54.000","[PREMIUM]","67","KS - WICHITA","2026-08-05","WEDNESDAY","1200","CDT","0","V",2016,"HYUNDAI","SONATA","SONATA","SEDAN 4DR","WHITE","FRONT END","SIDE","KS","ST","YES","E",139786,"A","[PREMIUM]",9000,"2.4L 4","FRONT WHEEL DRIVE","AUTOMATIC","GAS",4,"DEFAULT","On Minimum Bid","[PREMIUM]",,"WICHITA","KS","67216 3159","USA","USD","[PREMIUM]","[PREMIUM]","A030",false,"[PREMIUM]","SE",false,false,"[PREMIUM]",,,,,,,,"[PREMIUM]"
"56324236","2026-07-12 10:21:55.999","2026-08-04 16:55:01.976","56324236","2026-07-12 05:29:31.000","[PREMIUM]","67","KS - WICHITA",,,,"CDT","0","V",2017,"DODGE","CARAVAN","GRAND CARAVAN","SPORTS VAN","RED","FRONT END","WATER/FLOOD","KS","FS","YES","D",53137,"A","[PREMIUM]",12040,"3.6L 6","FRONT WHEEL DRIVE","AUTOMATIC","FLEXIBLE",6,"Run & Drive Verified","Pure Sale","[PREMIUM]",,"WICHITA","KS","67216 3159","USA","USD","[PREMIUM]","[PREMIUM]","Q120",false,"[PREMIUM]","SXT",false,false,"[PREMIUM]",,,,,,,,"[PREMIUM]"
"55825886","2026-07-12 10:21:55.684","2026-08-04 16:55:01.809","55825886","2026-08-04 14:05:46.000","[PREMIUM]","67","KS - WICHITA","2026-08-10","MONDAY","1200","CDT","0","V",2024,"NISSAN","FRONTIER","FRONTIER","PICKUP","WHITE","SIDE","MINOR DENT/SCRATCHES","KS","ST","YES","D",17415,"A","[PREMIUM]",24212.66,"3.8L 6","FOUR BY FOUR","AUTOMATIC","GAS",6,"Run & Drive Verified","Pure Sale","[PREMIUM]",,"WICHITA","KS","67216 3159","USA","USD","[PREMIUM]","[PREMIUM]","O130",false,"[PREMIUM]","S",false,false,"[PREMIUM]",,,,,,,,"[PREMIUM]"
"55422526","2026-07-12 10:21:55.479","2026-08-04 16:55:01.540","55422526","2026-07-12 05:29:31.000","[PREMIUM]","67","KS - WICHITA",,,,"CDT","0","V",2026,"CHEVROLET","BLAZER","BLAZER","SPORT UTILITY VEHICLE","ORANGE","FRONT END","UNDERCARRIAGE","KS","ST","YES","D",3818,"A","[PREMIUM]",0,"3.6L 6","ALL WHEEL DRIVE","AUTOMATIC","GAS",6,"Run & Drive Verified","Pure Sale","[PREMIUM]",,"WICHITA","KS","67216 3159","USA","USD","[PREMIUM]","[PREMIUM]","O040",false,"[PREMIUM]","RS",false,false,"[PREMIUM]",,,,,,,,"[PREMIUM]"
"55186106","2026-07-12 10:21:55.337","2026-08-04 16:55:01.467","55186106","2026-07-12 05:29:31.000","[PREMIUM]","67","KS - WICHITA",,,,"CDT","0","V",2022,"VOLKSWAGEN","ALL OTHER","TAOS","SPORT UTILITY VEHICLE","GRAY","FRONT END","REAR END","KS","ST","YES","D",46851,"A","[PREMIUM]",11997.67,"1.5L 4","FRONT WHEEL DRIVE","AUTOMATIC","GAS",4,"Run & Drive Verified","Pure Sale","[PREMIUM]",,"WICHITA","KS","67216 3159","USA","USD","[PREMIUM]","[PREMIUM]","K060",false,"[PREMIUM]","SE",false,false,"[PREMIUM]",,,,,,,,"[PREMIUM]"
"54669566","2026-07-12 10:21:55.135","2026-07-30 20:36:11.192","54669566","2026-07-12 05:29:31.000","[PREMIUM]","67","KS - WICHITA",,,,"CDT","0","V",2015,"FORD","EDGE","EDGE","4DR SPORT UTILITY","GRAY","HAIL","WATER/FLOOD","KS","FS","YES","D",76267,"A","[PREMIUM]",12321.83,"2.0L 4","ALL WHEEL DRIVE","AUTOMATIC","GAS",4,"Run & Drive Verified","Pure Sale","[PREMIUM]",,"WICHITA","KS","67216 3159","USA","USD","[PREMIUM]","[PREMIUM]","P090",false,"[PREMIUM]","SEL",false,false,"[PREMIUM]",,,,,,,,"[PREMIUM]"
"54150316","2026-07-12 10:21:54.744","2026-08-04 16:55:01.037","54150316","2026-07-31 17:00:11.000","[PREMIUM]","67","KS - WICHITA","2026-08-05","WEDNESDAY","1200","CDT","0","V",2013,"HYUNDAI","ELANTRA","ELANTRA","SEDAN","BLACK","FRONT END",,"KS","ST","YES","D",184706,"A","[PREMIUM]",6203.06,"1.8L 4","FRONT WHEEL DRIVE","AUTOMATIC","GAS",4,"Run & Drive Verified","On Minimum Bid","[PREMIUM]",,"WICHITA","KS","67216 3159","USA","USD","[PREMIUM]","[PREMIUM]","S070",false,"[PREMIUM]","LIMITED",false,false,"[PREMIUM]",,,,,,,,"[PREMIUM]"
"54174696","2026-07-12 10:21:54.703","2026-08-04 16:55:01.120","54174696","2026-07-12 05:29:31.000","[PREMIUM]","67","KS - WICHITA",,,,"CDT","0","V",2018,"DODGE","CHARGER","CHARGER","SEDAN","CHARCOAL","FRONT END","SIDE","KS","ST","YES","E",110740,"A","[PREMIUM]",12334.17,"5.7L 8","REAR WHEEL DRIVE","AUTOMATIC","GAS",8,"DEFAULT","Pure Sale","[PREMIUM]",,"WICHITA","KS","67216 3159","USA","USD","[PREMIUM]","[PREMIUM]","K110",false,"[PREMIUM]","R",false,false,"[PREMIUM]",,,,,,,,"[PREMIUM]"
"54129146","2026-07-12 10:21:54.621","2026-08-04 16:55:01.033","54129146","2026-07-31 15:50:17.000","[PREMIUM]","67","KS - WICHITA","2026-08-05","WEDNESDAY","1200","CDT","0","V",2016,"HONDA","CRV","CR-V","4DR SPORT UTILITY","SILVER","HAIL","WATER/FLOOD","KS","FS","YES","D",148159,"A","[PREMIUM]",8644.78,"2.4L 4","ALL WHEEL DRIVE","AUTOMATIC","GAS",4,"Run & Drive Verified","On Minimum Bid","[PREMIUM]",,"WICHITA","KS","67216 3159","USA","USD","[PREMIUM]","[PREMIUM]","Q070",false,"[PREMIUM]","EX",false,false,"[PREMIUM]",,,,,,,,"[PREMIUM]"
"53569146","2026-07-12 10:21:54.323","2026-08-04 16:55:00.742","53569146","2026-07-31 18:33:28.000","[PREMIUM]","67","KS - WICHITA","2026-08-05","WEDNESDAY","1200","CDT","0","V",2026,"TOYOTA","HIGHLANDER","HIGHLANDER HYBRID","SUV","RED","HAIL",,"KS","ST","YES","D",3609,"A","[PREMIUM]",30284.47,"2.5L 4","ALL WHEEL DRIVE","AUTOMATIC","ELECTRIC AND GAS HYBRID",4,"Run & Drive Verified","On Minimum Bid","[PREMIUM]",,"WICHITA","KS","67216 3159","USA","USD","[PREMIUM]","[PREMIUM]","Q090",false,"[PREMIUM]","PLATINUM",false,false,"[PREMIUM]",,,,,,,,"[PREMIUM]"
"53358636","2026-07-12 10:21:54.068","2026-08-04 16:55:00.594","53358636","2026-07-31 17:02:05.000","[PREMIUM]","67","KS - WICHITA","2026-08-05","WEDNESDAY","1200","CDT","0","V",2013,"NISSAN","ROGUE","ROGUE","4DR SPORT UTILITY","SILVER","HAIL",,"KS","ST","YES","D",79774,"A","[PREMIUM]",6817,"2.5L 4","ALL WHEEL DRIVE","AUTOMATIC","GAS",4,"Run & Drive Verified","Pure Sale","[PREMIUM]",,"WICHITA","KS","67216 3159","USA","USD","[PREMIUM]","[PREMIUM]","R110",false,"[PREMIUM]","S/SV",false,false,"[PREMIUM]",,,,,,,,"[PREMIUM]"
"53097836","2026-07-12 10:21:53.854","2026-08-04 16:55:00.494","53097836","2026-07-31 17:28:09.000","[PREMIUM]","67","KS - WICHITA","2026-08-05","WEDNESDAY","1200","CDT","0","V",2019,"FORD","FUSION","FUSION","SEDAN","BURGUNDY","HAIL",,"KS","ST","YES","D",49022,"A","[PREMIUM]",13926,"2.0L 4","FRONT WHEEL DRIVE","AUTOMATIC","ELECTRIC AND GAS HYBRID",4,"Run & Drive Verified","On Minimum Bid","[PREMIUM]",,"WICHITA","KS","67216 3159","USA","USD","[PREMIUM]","[PREMIUM]","O050",false,"[PREMIUM]","TITANIUM",false,false,"[PREMIUM]",,,,,,,,"[PREMIUM]"
"50671756","2026-07-12 10:21:52.695","2026-08-04 16:54:59.989","50671756","2026-07-31 16:10:30.000","[PREMIUM]","67","KS - WICHITA","2026-08-05","WEDNESDAY","1200","CDT","0","V",2016,"BUICK","ENCLAVE","ENCLAVE","4DR SPORT UTILITY","BLACK","ROLLOVER",,"KS","ST","YES",,0,"N","[PREMIUM]",1000,"3.6L 6","ALL WHEEL DRIVE","AUTOMATIC","GAS",6,,"On Minimum Bid","[PREMIUM]",,"WICHITA","KS","67216 3159","USA","USD","[PREMIUM]","[PREMIUM]","S130",false,"[PREMIUM]",,false,false,"[PREMIUM]",,,,,,,,"[PREMIUM]"
"57211346","2026-07-12 10:20:32.837","2026-07-26 19:13:19.982","57211346","2026-07-24 21:59:34.000","[PREMIUM]","51","IL - PEORIA","2026-07-27","MONDAY","1200","CDT","45","V",2016,"ACURA","RDX","RDX","4DR SPORT UTILITY","WHITE","SIDE","REAR END","IL","SC","YES","D",64759,"A","[PREMIUM]",14033,"3.5L 6","FRONT WHEEL DRIVE","AUTOMATIC","GAS",6,"Run & Drive Verified","On Minimum Bid","[PREMIUM]",,"PEKIN","IL","61554 8611","USA","USD","[PREMIUM]","[PREMIUM]","C100",false,"[PREMIUM]",,false,false,"[PREMIUM]",,,,,,,,"[PREMIUM]"
"56784456","2026-07-12 10:19:32.146","2026-07-30 08:34:45.268","56784456","2026-07-29 18:30:40.000","[PREMIUM]","36","IL - CHICAGO NORTH","2026-07-30","THURSDAY","1200","CDT","2348","V",2005,"HONDA","CRV","CR-V","4DR SPORT UTILITY","GRAY","REAR END",,"CA","SC","YES","D",166937,"A","[PREMIUM]",0,"2.4L 4","ALL WHEEL DRIVE","AUTOMATIC","GAS",4,"Run & Drive Verified","Pure Sale","[PREMIUM]",,"ELGIN","IL","60120 7419","USA","USD","[PREMIUM]","[PREMIUM]","L240",false,"[PREMIUM]","EX",false,false,"[PREMIUM]",,,,,,,,"[PREMIUM]"
"58923146","2026-07-12 10:19:06.523","2026-07-16 22:23:46.745","58923146","2026-07-16 11:33:20.000","[PREMIUM]","32","DC - WASHINGTON DC","2026-07-17","FRIDAY","1000","EDT","2013","V",2007,"HONDA","CIVIC","CIVIC","SEDAN 4DR","GRAY","REAR END",,"MD","S1","YES","D",107605,"A","[PREMIUM]",6127,"1.8L 4","FRONT WHEEL DRIVE","AUTOMATIC","GAS",4,"Run & Drive Verified","Pure Sale","[PREMIUM]",,"WALDORF","MD","20602 3455","USA","USD","[PREMIUM]","[PREMIUM]","I080",false,"[PREMIUM]","LX",false,false,"[PREMIUM]",,,,,,,,"[PREMIUM]"
"97627445","2026-07-12 04:27:10.068","2026-08-03 11:01:57.638","97627445","2026-07-11 23:14:30.000","[PREMIUM]","295","ATLANTIC CANADA AUCTION",,,,"AKST","0","V",2010,"TOYOTA","COROLLA","COROLLA MATRIX",,"RED","FRONT END","SIDE","NS","NR","YES","D",187715,"A","[PREMIUM]",7797.14,"1.8L  4","Front-wheel Drive","AUTOMATIC","GAS",4,"Run & Drive Verified","Pure Sale","[PREMIUM]",,"ELMSDALE","NS","B2S 2L2","CAN","CAD","[PREMIUM]","[PREMIUM]","C040",false,"[PREMIUM]",,false,false,"[PREMIUM]",,,,,,,,"[PREMIUM]"
"77153325","2026-07-12 04:27:10.039","2026-08-03 11:01:57.648","77153325","2026-07-11 23:14:30.000","[PREMIUM]","295","ATLANTIC CANADA AUCTION",,,,"AKST","0","V",2024,"HONDA","CIVIC","CIVIC",,"WHITE","FRONT END",,"NS","ST","YES","D",54350,"A","[PREMIUM]",22786.23,"1.5L  4","Front-wheel Drive","MANUAL","GAS",4,"Run & Drive Verified","Pure Sale","[PREMIUM]",,"ELMSDALE","NS","B2S 2L2","CAN","CAD","[PREMIUM]","[PREMIUM]","C030",false,"[PREMIUM]","SPORT TOURING",false,false,"[PREMIUM]",,,,,,,,"[PREMIUM]"
"77652595","2026-07-12 04:27:10.021","2026-08-04 04:59:01.042","77652595","2026-07-22 21:53:11.000","[PREMIUM]","295","ATLANTIC CANADA AUCTION",,,,"AKST","0","V",2017,"NISSAN","MICRA","MICRA",,"BLACK","BURN","MECHANICAL","NL","ST","YES","S",104670,"A","[PREMIUM]",7970.72,"1.6L  4","Front-wheel Drive","AUTOMATIC","GAS",4,"Vehicle Starts","Pure Sale","[PREMIUM]",,"ELMSDALE","NS","B2S 2L2","CAN","CAD","[PREMIUM]","[PREMIUM]","A1TOW",false,"[PREMIUM]",,false,false,"[PREMIUM]",,,,,,,,"[PREMIUM]"
"74185645","2026-07-12 04:27:09.983","2026-07-20 13:13:40.540","74185645","2026-07-11 23:14:30.000","[PREMIUM]","295","ATLANTIC CANADA AUCTION",,,,"AKST","0","V",2021,"JEEP","GLADIATOR","GLADIATOR",,"SILVER","SIDE","FRONT END","NS","ST","YES","D",129047,"A","[PREMIUM]",23294.95,"3.6L  6","4x4 w/Rear Wheel Drv","AUTOMATIC","GAS",6,"Run & Drive Verified","Pure Sale","[PREMIUM]",,"ELMSDALE","NS","B2S 2L2","CAN","CAD","[PREMIUM]","[PREMIUM]","D070",false,"[PREMIUM]","SPORT",false,false,"[PREMIUM]",,,,,,,,"[PREMIUM]"
"58672696","2026-07-12 04:27:09.911","2026-08-03 11:01:57.113","58672696","2026-07-27 16:58:24.000","[PREMIUM]","295","ATLANTIC CANADA AUCTION",,,,"AKST","0","V",2017,"KIA","FORTE","FORTE","SEDAN","SILVER","SIDE","REAR END","NS","ST","YES","D",192732,"A","[PREMIUM]",9320.12,"2.0L 4","FRONT WHEEL DRIVE","AUTOMATIC","GAS",4,"Run & Drive Verified","Pure Sale","[PREMIUM]",,"ELMSDALE","NS","B2S 2L2","CAN","CAD","[PREMIUM]","[PREMIUM]","SB002",false,"[PREMIUM]","LX",false,false,"[PREMIUM]",,,,,,,,"[PREMIUM]"
"58876876","2026-07-12 04:27:09.849","2026-08-03 11:01:57.099","58876876","2026-07-11 23:14:30.000","[PREMIUM]","295","ATLANTIC CANADA AUCTION",,,,"AKST","0","V",2017,"HYUNDAI","ELANTRA","ELANTRA","SEDAN","BLUE","REAR END",,"NS","ST","YES","D",296437,"A","[PREMIUM]",6148.89,"2.0L 4","FRONT WHEEL DRIVE","AUTOMATIC","GAS",4,"Run & Drive Verified","Pure Sale","[PREMIUM]",,"ELMSDALE","NS","B2S 2L2","CAN","CAD","[PREMIUM]","[PREMIUM]","C070",false,"[PREMIUM]","SE",false,false,"[PREMIUM]",,,,,,,,"[PREMIUM]"
"58066386","2026-07-12 04:27:09.700","2026-08-03 11:01:57.108","58066386","2026-07-30 18:24:18.000","[PREMIUM]","295","ATLANTIC CANADA AUCTION",,,,"AKST","0","V",2026,"GMC","SIERRA","SIERRA","PICKUP","BLACK","FRONT END",,"NS","ST","YES","E",19792,"A","[PREMIUM]",97004,"6.6L 8","4X4 W/REAR WHEEL DRV","AUTOMATIC","DIESEL",8,"DEFAULT","Pure Sale","[PREMIUM]",,"ELMSDALE","NS","B2S 2L2","CAN","CAD","[PREMIUM]","[PREMIUM]","HVY01",false,"[PREMIUM]","K2500 DENALI ULTIMATE",false,false,"[PREMIUM]",,,,,,,,"[PREMIUM]"
"57549826","2026-07-12 04:27:09.665","2026-08-04 04:59:00.542","57549826","2026-07-29 13:27:23.000","[PREMIUM]","295","ATLANTIC CANADA AUCTION",,,,"AKST","0","V",2024,"MAZDA","CX-5 SELEC","CX-5","SPORT UTILITY VEHICLE","RED","FRONT END","SIDE","NS","ST","YES","E",52454,"A","[PREMIUM]",19972.51,"2.5L 4","ALL WHEEL DRIVE","AUTOMATIC","GAS",4,"DEFAULT","Pure Sale","[PREMIUM]",,"ELMSDALE","NS","B2S 2L2","CAN","CAD","[PREMIUM]","[PREMIUM]","D010",false,"[PREMIUM]","SELECT",false,false,"[PREMIUM]",,,,,,,,"[PREMIUM]"
"56832496","2026-07-12 04:27:09.623","2026-07-27 13:12:39.214","56832496","2026-07-11 23:14:30.000","[PREMIUM]","295","ATLANTIC CANADA AUCTION",,,,"AKST","0","V",2025,"TOYOTA","RAV4","RAV4","SPORT UTILITY VEHICLE","BLACK","ALL OVER","REAR END","NS","ST","YES","E",0,"N","[PREMIUM]",39900,"2.5L 4","ALL WHEEL DRIVE","AUTOMATIC","GAS",4,"DEFAULT","Pure Sale","[PREMIUM]",,"ELMSDALE","NS","B2S 2L2","CAN","CAD","[PREMIUM]","[PREMIUM]","B050",false,"[PREMIUM]","XLE",false,false,"[PREMIUM]",,,,,,,,"[PREMIUM]"
"56751446","2026-07-12 04:27:09.619","2026-07-29 20:41:21.294","56751446","2026-07-29 12:06:35.000","[PREMIUM]","295","ATLANTIC CANADA AUCTION","2026-07-30","THURSDAY","700","AKST","0","V",2016,"HONDA","CIVIC","CIVIC","SEDAN 4DR","BLACK","REAR END",,"NL","ST","YES","D",161091,"A","[PREMIUM]",12261.08,"1.5L 4","FRONT WHEEL DRIVE","AUTOMATIC","GAS",4,"Run & Drive Verified","Pure Sale","[PREMIUM]",,"COW BAY","NS","B3G 1K6","CAN","CAD","[PREMIUM]","[PREMIUM]","A1TOW",false,"[PREMIUM]","EX",false,false,"[PREMIUM]",,,,,,,,"[PREMIUM]"
"56183606","2026-07-12 04:27:09.560","2026-08-03 11:01:56.982","56183606","2026-07-29 11:23:30.000","[PREMIUM]","295","ATLANTIC CANADA AUCTION","2026-08-06","THURSDAY","700","AKST","0","V",2019,"NISSAN","ROGUE","ROGUE","WAGON","BLACK","FRONT END","SIDE","NS","ST","YES","D",186672,"A","[PREMIUM]",28500,"2.5L 4","ALL WHEEL DRIVE","AUTOMATIC","GAS",4,"Run & Drive Verified","Pure Sale","[PREMIUM]",,"ELMSDALE","NS","B2S 2L2","CAN","CAD","[PREMIUM]","[PREMIUM]","B040",false,"[PREMIUM]","S",false,false,"[PREMIUM]",,,,,,,,"[PREMIUM]"
"54083536","2026-07-12 04:27:09.481","2026-08-03 11:01:56.967","54083536","2026-07-29 11:14:33.000","[PREMIUM]","295","ATLANTIC CANADA AUCTION","2026-08-06","THURSDAY","700","AKST","0","V",2015,"VOLKSWAGEN","TIGUAN","TIGUAN","4DR SPORT UTILITY","BLUE","FRONT END",,"NS","NR","YES","D",181177,"A","[PREMIUM]",15960,"2.0L 4","ALL WHEEL DRIVE","AUTOMATIC","GAS",4,"Run & Drive Verified","Pure Sale","[PREMIUM]",,"ELMSDALE","NS","B2S 2L2","CAN","CAD","[PREMIUM]","[PREMIUM]","C020",false,"[PREMIUM]","S",false,false,"[PREMIUM]",,,,,,,,"[PREMIUM]"
"53156686","2026-07-12 04:27:09.450","2026-07-29 20:41:17.622","53156686","2026-07-29 14:57:38.000","[PREMIUM]","295","ATLANTIC CANADA AUCTION","2026-07-30","THURSDAY","700","AKST","0","V",2019,"FORD","EDGE","EDGE","SPORT UTILITY VEHICLE","RED","FRONT END",,"NS","ST","YES","D",105593,"A","[PREMIUM]",15063.54,"2.0L 4","ALL WHEEL DRIVE","AUTOMATIC","GAS",4,"Run & Drive Verified","Pure Sale","[PREMIUM]",,"ELMSDALE","NS","B2S 2L2","CAN","CAD","[PREMIUM]","[PREMIUM]","C060",false,"[PREMIUM]","SEL",false,false,"[PREMIUM]",,,,,,,,"[PREMIUM]"
"49568256","2026-07-12 04:27:09.411","2026-07-29 20:41:18.034","49568256","2026-07-23 20:40:02.000","[PREMIUM]","295","ATLANTIC CANADA AUCTION","2026-07-30","THURSDAY","700","AKST","0","V",2012,"ACURA","TSX","TSX","SEDAN 4DR","WHITE","FRONT END","SIDE","NS","NR","YES","D",255535,"A","[PREMIUM]",11400,"2.4L 4","FRONT WHEEL DRIVE","AUTOMATIC","GAS",4,"Run & Drive Verified","Pure Sale","[PREMIUM]",,"ELMSDALE","NS","B2S 2L2","CAN","CAD","[PREMIUM]","[PREMIUM]","D030",false,"[PREMIUM]","TECH",false,false,"[PREMIUM]",,,,,,,,"[PREMIUM]"
"49394486","2026-07-12 04:27:09.410","2026-07-22 19:10:03.357","49394486","2026-07-22 12:09:14.000","[PREMIUM]","295","ATLANTIC CANADA AUCTION","2026-07-23","THURSDAY","700","AKST","0","S",2019,"BOMBARDIER","SKIDOO","SKIDOO",,"BURN","BURN",,"NS","BP","NO","E",0,"N","[PREMIUM]",19054.84,,,,,,"DEFAULT","Pure Sale","[PREMIUM]",,"COW BAY","NS","B3G 1K6","CAN","CAD","[PREMIUM]","[PREMIUM]","A1TOW",false,"[PREMIUM]",,false,false,"[PREMIUM]",,,,,,,,"[PREMIUM]"
"48749236","2026-07-12 04:27:09.324","2026-07-22 19:10:03.347","48749236","2026-07-22 12:09:13.000","[PREMIUM]","295","ATLANTIC CANADA AUCTION","2026-07-23","THURSDAY","700","AKST","0","V",2024,"HYUNDAI","VENUE","VENUE","WAGON","BLACK","REAR END",,"NL","ST","YES","D",10607,"A","[PREMIUM]",12459,"1.6L 4","FRONT WHEEL DRIVE","AUTOMATIC","GAS",4,"Run & Drive Verified","On Minimum Bid","[PREMIUM]",,"COW BAY","NS","B3G 1K6","CAN","CAD","[PREMIUM]","[PREMIUM]","A1TOW",false,"[PREMIUM]","SEL",false,false,"[PREMIUM]",,,,,,,,"[PREMIUM]"
"41733086","2026-07-12 04:27:09.234","2026-08-04 04:59:00.315","41733086","2026-08-01 02:45:07.000","[PREMIUM]","295","ATLANTIC CANADA AUCTION","2026-08-06","THURSDAY","700","AKST","0","V",2014,"VOLKSWAGEN","JETTA","JETTA 1.8 TSI 4DR",,"GRAY","FRONT END",,"NS","ST","YES","S",253776,"A","[PREMIUM]",14579,,,"AUTOMATIC",,,"Vehicle Starts","On Minimum Bid","[PREMIUM]",,"ELMSDALE","NS","B2S 2L2","CAN","CAD","[PREMIUM]","[PREMIUM]","C050",false,"[PREMIUM]",,false,false,"[PREMIUM]",,,,,,,,"[PREMIUM]"
"42039146","2026-07-12 04:27:09.226","2026-07-29 20:41:18.921","42039146","2026-07-29 12:47:59.000","[PREMIUM]","295","ATLANTIC CANADA AUCTION","2026-07-30","THURSDAY","700","AKST","0","V",2008,"MAZDA","3","MAZDA3 I SPORT 4DR",,"BLUE","SIDE",,"NS","ST","YES","D",148695,"A","[PREMIUM]",1841.65,,,"AUTOMATIC",,,"Run & Drive Verified","Pure Sale","[PREMIUM]",,"ELMSDALE","NS","B2S 2L2","CAN","CAD","[PREMIUM]","[PREMIUM]","C090",false,"[PREMIUM]",,false,false,"[PREMIUM]",,,,,,,,"[PREMIUM]"
"58948296","2026-07-12 04:27:08.834","2026-07-22 19:09:59.843","58948296","2026-07-21 17:54:13.000","[PREMIUM]","295","ATLANTIC CANADA AUCTION","2026-07-23","THURSDAY","700","AKST","0","V",2005,"TOYOTA","COROLLA","COROLLA","SEDAN","RED","FRONT END","SIDE","NS","ST","YES","D",270877,"A","[PREMIUM]",10268.1,"1.8L 4","FRONT WHEEL DRIVE","MANUAL","GAS",4,"Run & Drive Verified","Pure Sale","[PREMIUM]",,"MONCTON","NB","E1E 4R8","CAN","CAD","[PREMIUM]","[PREMIUM]","A050",false,"[PREMIUM]","CE",false,false,"[PREMIUM]",,,,,,,,"[PREMIUM]"
"55010746","2026-07-12 04:27:08.439","2026-07-22 19:09:59.567","55010746","2026-07-21 17:43:37.000","[PREMIUM]","295","ATLANTIC CANADA AUCTION","2026-07-23","THURSDAY","700","AKST","0","V",2017,"KIA","SORENTO","SORENTO","SUV","BLUE","FRONT END","SIDE","NS","ST","YES","D",133922,"A","[PREMIUM]",23000,"2.4L 4","FRONT WHEEL DRIVE","AUTOMATIC","GAS",4,"Run & Drive Verified","Pure Sale","[PREMIUM]",,"MONCTON","NB","E1E 4R8","CAN","CAD","[PREMIUM]","[PREMIUM]","A030",false,"[PREMIUM]","L",false,false,"[PREMIUM]",,,,,,,,"[PREMIUM]"
"46845716","2026-07-12 04:27:08.059","2026-07-22 19:09:59.314","46845716","2026-07-21 17:42:29.000","[PREMIUM]","295","ATLANTIC CANADA AUCTION","2026-07-23","THURSDAY","700","AKST","0","V",2024,"SUBARU","CROSSTREK","CROSSTREK","SPORT UTILITY VEHICLE","BLACK","FRONT END","SIDE","NS","ST","YES","D",24605,"A","[PREMIUM]",51750,"2.5L 4","ALL WHEEL DRIVE","AUTOMATIC","GAS",4,"Run & Drive Verified","Pure Sale","[PREMIUM]",,"MONCTON","NB","E1E 4R8","CAN","CAD","[PREMIUM]","[PREMIUM]","SHOP1",false,"[PREMIUM]","WILDERNESS",false,false,"[PREMIUM]",,,,,,,,"[PREMIUM]"
"97317955","2026-07-12 04:27:07.980","2026-08-03 11:01:55.588","97317955","2026-07-31 16:34:52.000","[PREMIUM]","205","QC - MONTREAL","2026-08-04","TUESDAY","1200","EDT","1723","V",2015,"FORD","F-150","F150","CREW PICKUP","BURGUNDY","REAR END",,"NL","NB","NO","E",232739,"A","[PREMIUM]",22802,"5.0L  8","4x4 w/Rear Wheel Drv","AUTOMATIC","GAS",8,"DEFAULT","On Minimum Bid","[PREMIUM]","VEH. SITUE HORS-SITE PAYSAN ","MONTREAL-EST","QC","H1B 4W3","CAN","CAD","[PREMIUM]","[PREMIUM]","PAYSA",false,"[PREMIUM]","SUPERCREW",false,false,"[PREMIUM]",,,,,,,,"[PREMIUM]"
"59393636","2026-07-12 04:21:07.875","2026-08-03 10:55:43.750","59393636","2026-07-28 16:49:35.000","[PREMIUM]","67","KS - WICHITA","2026-08-03","MONDAY","1200","CDT","0","V",2010,"BUICK","ENCLAVE","ENCLAVE","4DR SPORT UTILITY","SILVER","REAR END",,"KS","ST","YES","D",211042,"E","[PREMIUM]",4199.54,"3.6L 6","FRONT WHEEL DRIVE","AUTOMATIC","GAS",6,"Run & Drive Verified","Pure Sale","[PREMIUM]",,"WICHITA","KS","67216 3159","USA","USD","[PREMIUM]","[PREMIUM]","P070",false,"[PREMIUM]","CXL",false,false,"[PREMIUM]",,,,,,,,"[PREMIUM]"
